SMILES,Core,Arm,Target_PG,Point_Group,Geometry,Energy_kcal_mol,XYZ_Path,Source,Plane_RMSD,Plane_MaxDist
COC(=O)C1=CC(C(=O)OC)=CC(C(=O)OC)=CC(C(=O)OC)=C1,cyclooctatetraene_C4,COOMe_direct,C4,S4,nonplanar,63.95193263073875,/home/tianyajun/MARL_for_COFs/cof_symmetry_pipeline/output/xyz/aug_000244.xyz,original_augmented,2.3607746904567875,4.061719967558029
O=S(=O)(Cl)c1ccc(-c2c(-c3ccc(S(=O)(=O)Cl)cc3)c(-c3ccc(S(=O)(=O)Cl)cc3)c(-c3ccc(S(=O)(=O)Cl)cc3)c(-c3ccc(S(=O)(=O)Cl)cc3)c2-c2ccc(S(=O)(=O)Cl)cc2)cc1,hexaphenylbenzene_H6,SO2Cl_direct,D6h,C6h,nonplanar,369.4189103508805,/home/tianyajun/MARL_for_COFs/cof_symmetry_pipeline/output/xyz/mol_001800.xyz,original_augmented,1.3603916525589124,2.1730617422058747
COc1ccc(C2=C3C=CC(=N3)C(c3ccc(OC)cc3)=C3C=CC(=N3)C(c3ccc(OC)cc3)=C3C=CC(=N3)C(c3ccc(OC)cc3)=C3C=CC2=N3)cc1,porphyrin_C4,OMe_direct,C4,S4,nonplanar,218.56163975376364,/home/tianyajun/MARL_for_COFs/cof_symmetry_pipeline/output/xyz/aug_000464.xyz,original_augmented,3.132483552674445,6.064199210156419
O=S(=O)(Cl)c1ccc(C2=C3C=CC(=N3)C(c3ccc(S(=O)(=O)Cl)cc3)=C3C=CC(=N3)C(c3ccc(S(=O)(=O)Cl)cc3)=C3C=CC(=N3)C(c3ccc(S(=O)(=O)Cl)cc3)=C3C=CC2=N3)cc1,porphyrin_C4,SO2Cl_direct,C4,S4,nonplanar,333.88961670868605,/home/tianyajun/MARL_for_COFs/cof_symmetry_pipeline/output/xyz/mol_001561.xyz,original_augmented,1.3279444407254282,2.984639695610335
BrC1=CC(Br)=CC(Br)=CC(Br)=C1,cyclooctatetraene_C4,Br_direct,C4,S4,nonplanar,17.938068744581027,/home/tianyajun/MARL_for_COFs/cof_symmetry_pipeline/output/xyz/aug_000728.xyz,original_remaining,0.9320289346336654,1.4676169834332695
FC(F)(F)C#CC1=CC(C#CC(F)(F)F)=CC(C#CC(F)(F)F)=CC(C#CC(F)(F)F)=C1,cyclooctatetraene_C4,CCCF3_direct,C4,S4,nonplanar,42.78838571798185,/home/tianyajun/MARL_for_COFs/cof_symmetry_pipeline/output/xyz/aug_000729.xyz,original_remaining,2.181811561697314,3.8170415105002924
O=CC#CC1=CC(C#CC=O)=CC(C#CC=O)=CC(C#CC=O)=C1,cyclooctatetraene_C4,CCCHO_direct,C4,S4,nonplanar,31.50294270824748,/home/tianyajun/MARL_for_COFs/cof_symmetry_pipeline/output/xyz/aug_000730.xyz,original_remaining,2.0086648580417474,3.096412830223506
N#CC#CC1=CC(C#CC#N)=CC(C#CC#N)=CC(C#CC#N)=C1,cyclooctatetraene_C4,CCCN_direct,C4,S4,nonplanar,34.95280446689249,/home/tianyajun/MARL_for_COFs/cof_symmetry_pipeline/output/xyz/aug_000731.xyz,original_remaining,1.9442669887857702,3.4708140197267747
C#Cc1ccc(C2=CC(c3ccc(C#C)cc3)=CC(c3ccc(C#C)cc3)=CC(c3ccc(C#C)cc3)=C2)cc1,cyclooctatetraene_C4,CCH_ph,C4,S4,nonplanar,120.20671364303594,/home/tianyajun/MARL_for_COFs/cof_symmetry_pipeline/output/xyz/aug_000732.xyz,original_remaining,2.8063770373112247,5.2924561963649355
NC#CC1=CC(C#CN)=CC(C#CN)=CC(C#CN)=C1,cyclooctatetraene_C4,CCNH2_direct,C4,S4,nonplanar,9.230063882496523,/home/tianyajun/MARL_for_COFs/cof_symmetry_pipeline/output/xyz/aug_000733.xyz,original_remaining,2.028776746045779,3.6851108277382547
O=[N+]([O-])C#CC1=CC(C#C[N+](=O)[O-])=CC(C#C[N+](=O)[O-])=CC(C#C[N+](=O)[O-])=C1,cyclooctatetraene_C4,CCNO2_direct,C4,S4,nonplanar,44.61163402629475,/home/tianyajun/MARL_for_COFs/cof_symmetry_pipeline/output/xyz/aug_000734.xyz,original_remaining,2.054384566449559,3.5909825721971758
OC#CC1=CC(C#CO)=CC(C#CO)=CC(C#CO)=C1,cyclooctatetraene_C4,CCOH_direct,C4,S4,nonplanar,18.24469997320341,/home/tianyajun/MARL_for_COFs/cof_symmetry_pipeline/output/xyz/aug_000735.xyz,original_remaining,1.8194623926756508,3.1152482439499973
FC(F)(F)C1=CC(C(F)(F)F)=CC(C(F)(F)F)=CC(C(F)(F)F)=C1,cyclooctatetraene_C4,CF3_direct,C4,S4,nonplanar,140.0524032662369,/home/tianyajun/MARL_for_COFs/cof_symmetry_pipeline/output/xyz/aug_000736.xyz,original_remaining,1.3340956477335808,2.205559516481849
O=CC1=CC(C=O)=CC(C=O)=CC(C=O)=C1,cyclooctatetraene_C4,CHO_direct,C4,S4,nonplanar,75.47759720777273,/home/tianyajun/MARL_for_COFs/cof_symmetry_pipeline/output/xyz/aug_000737.xyz,original_remaining,1.1012917427173834,1.740534793855947
N#CC1=CC(C#N)=CC(C#N)=CC(C#N)=C1,cyclooctatetraene_C4,CN_direct,C4,S4,nonplanar,71.82149784070785,/home/tianyajun/MARL_for_COFs/cof_symmetry_pipeline/output/xyz/aug_000738.xyz,original_remaining,1.1367978610461447,1.8995539102170247
N#Cc1ccc(C2=CC(c3ccc(C#N)cc3)=CC(c3ccc(C#N)cc3)=CC(c3ccc(C#N)cc3)=C2)cc1,cyclooctatetraene_C4,CN_ph,C4,S4,nonplanar,176.5205437961249,/home/tianyajun/MARL_for_COFs/cof_symmetry_pipeline/output/xyz/aug_000739.xyz,original_remaining,2.5631139927291993,4.601117475487591
O=C(O)c1ccc(C2=CC(c3ccc(C(=O)O)cc3)=CC(c3ccc(C(=O)O)cc3)=CC(c3ccc(C(=O)O)cc3)=C2)cc1,cyclooctatetraene_C4,COOH_ph,C4,S4,nonplanar,102.65604652168616,/home/tianyajun/MARL_for_COFs/cof_symmetry_pipeline/output/xyz/aug_000742.xyz,original_remaining,2.9411994312182657,5.505750398152583
ClC1=CC(Cl)=CC(Cl)=CC(Cl)=C1,cyclooctatetraene_C4,Cl_direct,C4,S4,nonplanar,11.581139574044762,/home/tianyajun/MARL_for_COFs/cof_symmetry_pipeline/output/xyz/aug_000743.xyz,original_remaining,0.8672357462860566,1.3338003619796077
Clc1ccc(C2=CC(c3ccc(Cl)cc3)=CC(c3ccc(Cl)cc3)=CC(c3ccc(Cl)cc3)=C2)cc1,cyclooctatetraene_C4,Cl_ph,C4,S4,nonplanar,116.11433337095067,/home/tianyajun/MARL_for_COFs/cof_symmetry_pipeline/output/xyz/aug_000744.xyz,original_remaining,2.37118354499039,4.260830896732416
IC1=CC(I)=CC(I)=CC(I)=C1,cyclooctatetraene_C4,I_direct,C4,S4,nonplanar,23.62954095303032,/home/tianyajun/MARL_for_COFs/cof_symmetry_pipeline/output/xyz/aug_000745.xyz,original_remaining,1.007861018111727,1.6416552467558625
[N-]=[N+]=NC1=CC(N=[N+]=[N-])=CC(N=[N+]=[N-])=CC(N=[N+]=[N-])=C1,cyclooctatetraene_C4,N3_direct,C4,S4,nonplanar,2.803770726173952,/home/tianyajun/MARL_for_COFs/cof_symmetry_pipeline/output/xyz/aug_000746.xyz,original_remaining,1.6699247174157348,2.5439579990804644
Nc1ccc(C2=CC(c3ccc(N)cc3)=CC(c3ccc(N)cc3)=CC(c3ccc(N)cc3)=C2)cc1,cyclooctatetraene_C4,NH2_ph,C4,S4,nonplanar,81.68636293595318,/home/tianyajun/MARL_for_COFs/cof_symmetry_pipeline/output/xyz/aug_000749.xyz,original_remaining,2.6470522088822857,4.775460956872437
O=CNC1=CC(NC=O)=CC(NC=O)=CC(NC=O)=C1,cyclooctatetraene_C4,NHCHO_direct,C4,S4,nonplanar,-46.36213788226253,/home/tianyajun/MARL_for_COFs/cof_symmetry_pipeline/output/xyz/aug_000750.xyz,original_remaining,1.296638219696705,2.1332881768298324
O=[N+]([O-])C1=CC([N+](=O)[O-])=CC([N+](=O)[O-])=CC([N+](=O)[O-])=C1,cyclooctatetraene_C4,NO2_direct,C4,S4,nonplanar,102.72789248698814,/home/tianyajun/MARL_for_COFs/cof_symmetry_pipeline/output/xyz/aug_000752.xyz,original_remaining,1.184026637962761,2.0109361123333063
O=[N+]([O-])c1ccc(C2=CC(c3ccc([N+](=O)[O-])cc3)=CC(c3ccc([N+](=O)[O-])cc3)=CC(c3ccc([N+](=O)[O-])cc3)=C2)cc1,cyclooctatetraene_C4,NO2_ph,C4,S4,nonplanar,256.8036455085356,/home/tianyajun/MARL_for_COFs/cof_symmetry_pipeline/output/xyz/aug_000753.xyz,original_remaining,2.7026686358770937,4.979243460462187
COC1=CC(OC)=CC(OC)=CC(OC)=C1,cyclooctatetraene_C4,OMe_direct,C4,S4,nonplanar,38.529404013968495,/home/tianyajun/MARL_for_COFs/cof_symmetry_pipeline/output/xyz/aug_000757.xyz,original_remaining,1.8288952369458347,2.8455925566425955
O=P(Cl)(Cl)C1=CC(P(=O)(Cl)Cl)=CC(P(=O)(Cl)Cl)=CC(P(=O)(Cl)Cl)=C1,cyclooctatetraene_C4,POCl2_direct,C4,S4,nonplanar,177.26080032836657,/home/tianyajun/MARL_for_COFs/cof_symmetry_pipeline/output/xyz/aug_000759.xyz,original_remaining,1.6107799490041361,3.328791455453504
C#CC1=CC(C#C)=CC(C#C)=CC(C#C)=C1,cyclooctatetraene_C4,ethynyl_direct,C4,S4,nonplanar,24.736246490105376,/home/tianyajun/MARL_for_COFs/cof_symmetry_pipeline/output/xyz/aug_000763.xyz,original_remaining,1.4499626999554416,2.497425340379344
CC1=CC(C)=CC(C)=CC(C)=C1,cyclooctatetraene_C4,methyl_direct,C4,S4,nonplanar,42.0667227749141,/home/tianyajun/MARL_for_COFs/cof_symmetry_pipeline/output/xyz/aug_000764.xyz,original_remaining,1.2517672647018725,1.9836400367864309
C=CC1=CC(C=C)=CC(C=C)=CC(C=C)=C1,cyclooctatetraene_C4,vinyl_direct,C4,S4,nonplanar,60.0410396308759,/home/tianyajun/MARL_for_COFs/cof_symmetry_pipeline/output/xyz/aug_000765.xyz,original_remaining,1.519434587585678,2.5103410290817867
C#Cc1ccc(-c2c(-c3ccc(C#C)cc3)c(-c3ccc(C#C)cc3)c(-c3ccc(C#C)cc3)c(-c3ccc(C#C)cc3)c2-c2ccc(C#C)cc2)cc1,hexaphenylbenzene_H6,ethynyl_direct,D6h,D6,nonplanar,177.85071181978918,/home/tianyajun/MARL_for_COFs/cof_symmetry_pipeline/output/xyz/aug_000942.xyz,original_remaining,1.3132401857261455,2.150587184836622
Brc1ccc(C2=C3C=CC(=N3)C(c3ccc(Br)cc3)=C3C=CC(=N3)C(c3ccc(Br)cc3)=C3C=CC(=N3)C(c3ccc(Br)cc3)=C3C=CC2=N3)cc1,porphyrin_C4,Br_direct,C4,S4,nonplanar,201.2785515711901,/home/tianyajun/MARL_for_COFs/cof_symmetry_pipeline/output/xyz/aug_001077.xyz,original_remaining,2.1924344453530242,4.399892021938809
N#CC#Cc1ccc(C2=C3C=CC(=N3)C(c3ccc(C#CC#N)cc3)=C3C=CC(=N3)C(c3ccc(C#CC#N)cc3)=C3C=CC(=N3)C(c3ccc(C#CC#N)cc3)=C3C=CC2=N3)cc1,porphyrin_C4,CCCN_direct,C4,S4,nonplanar,211.30491889490773,/home/tianyajun/MARL_for_COFs/cof_symmetry_pipeline/output/xyz/aug_001078.xyz,original_remaining,2.4645705365862893,5.211341179443133
N#Cc1ccc(C2=C3C=CC(=N3)C(c3ccc(C#N)cc3)=C3C=CC(=N3)C(c3ccc(C#N)cc3)=C3C=CC(=N3)C(c3ccc(C#N)cc3)=C3C=CC2=N3)cc1,porphyrin_C4,CN_direct,C4,S4,nonplanar,259.28688640693485,/home/tianyajun/MARL_for_COFs/cof_symmetry_pipeline/output/xyz/aug_001079.xyz,original_remaining,2.48531303447256,4.919081890429054
Clc1ccc(C2=C3C=CC(=N3)C(c3ccc(Cl)cc3)=C3C=CC(=N3)C(c3ccc(Cl)cc3)=C3C=CC(=N3)C(c3ccc(Cl)cc3)=C3C=CC2=N3)cc1,porphyrin_C4,Cl_direct,C4,S4,nonplanar,198.6881755204597,/home/tianyajun/MARL_for_COFs/cof_symmetry_pipeline/output/xyz/aug_001081.xyz,original_remaining,2.1818706307013365,4.399456488195069
Ic1ccc(C2=C3C=CC(=N3)C(c3ccc(I)cc3)=C3C=CC(=N3)C(c3ccc(I)cc3)=C3C=CC(=N3)C(c3ccc(I)cc3)=C3C=CC2=N3)cc1,porphyrin_C4,I_direct,C4,S4,nonplanar,204.2333551895228,/home/tianyajun/MARL_for_COFs/cof_symmetry_pipeline/output/xyz/aug_001082.xyz,original_remaining,2.04491485077378,4.241907051248944
O=[N+]([O-])c1ccc(C2=C3C=CC(=N3)C(c3ccc([N+](=O)[O-])cc3)=C3C=CC(=N3)C(c3ccc([N+](=O)[O-])cc3)=C3C=CC(=N3)C(c3ccc([N+](=O)[O-])cc3)=C3C=CC2=N3)cc1,porphyrin_C4,NO2_direct,C4,S4,nonplanar,343.4074002503148,/home/tianyajun/MARL_for_COFs/cof_symmetry_pipeline/output/xyz/aug_001083.xyz,original_remaining,1.5905972791987548,3.4976076191369865
C#Cc1ccc(C2=C3C=CC(=N3)C(c3ccc(C#C)cc3)=C3C=CC(=N3)C(c3ccc(C#C)cc3)=C3C=CC(=N3)C(c3ccc(C#C)cc3)=C3C=CC2=N3)cc1,porphyrin_C4,ethynyl_direct,C4,S4,nonplanar,202.4369617445376,/home/tianyajun/MARL_for_COFs/cof_symmetry_pipeline/output/xyz/aug_001086.xyz,original_remaining,2.6702646505420855,5.563421541378429
BrC#Cc1ccc(C2=C3C=CC(=N3)C(c3ccc(C#CBr)cc3)=C3C=CC(=N3)C(c3ccc(C#CBr)cc3)=C3C=CC(=N3)C(c3ccc(C#CBr)cc3)=C3C=CC2=N3)cc1,porphyrin_ethynyl_C4,Br_direct,C4,S4,nonplanar,201.90875109927163,/home/tianyajun/MARL_for_COFs/cof_symmetry_pipeline/output/xyz/aug_001087.xyz,original_remaining,2.6934222738656324,5.913528049610008
ClC#Cc1ccc(C2=C3C=CC(=N3)C(c3ccc(C#CCl)cc3)=C3C=CC(=N3)C(c3ccc(C#CCl)cc3)=C3C=CC(=N3)C(c3ccc(C#CCl)cc3)=C3C=CC2=N3)cc1,porphyrin_ethynyl_C4,Cl_direct,C4,S4,nonplanar,202.46606032670635,/home/tianyajun/MARL_for_COFs/cof_symmetry_pipeline/output/xyz/aug_001088.xyz,original_remaining,2.6757763780783868,5.8041178319331745
IC#Cc1ccc(C2=C3C=CC(=N3)C(c3ccc(C#CI)cc3)=C3C=CC(=N3)C(c3ccc(C#CI)cc3)=C3C=CC(=N3)C(c3ccc(C#CI)cc3)=C3C=CC2=N3)cc1,porphyrin_ethynyl_C4,I_direct,C4,S4,nonplanar,201.50115286532505,/home/tianyajun/MARL_for_COFs/cof_symmetry_pipeline/output/xyz/aug_001089.xyz,original_remaining,2.2004697094436376,4.679076896913847
C#CC#Cc1ccc(C2=C3C=CC(=N3)C(c3ccc(C#CC#C)cc3)=C3C=CC(=N3)C(c3ccc(C#CC#C)cc3)=C3C=CC(=N3)C(c3ccc(C#CC#C)cc3)=C3C=CC2=N3)cc1,porphyrin_ethynyl_C4,ethynyl_direct,C4,S4,nonplanar,203.03906035803828,/home/tianyajun/MARL_for_COFs/cof_symmetry_pipeline/output/xyz/aug_001090.xyz,original_remaining,1.9342035880190904,3.756482903294466
O=C(NO)C(=O)NC1=CC(NC(=O)C(=O)NO)=CC(NC(=O)C(=O)NO)=CC(NC(=O)C(=O)NO)=C1,cyclooctatetraene__oxamide,OH_direct,C4,S4,nonplanar,264.3438203499117,/home/tianyajun/MARL_for_COFs/cof_symmetry_pipeline/output/hierarchical/xyz/mol_000067.xyz,hierarchical_v1,2.256551380024853,3.882308055953481
O=C(NCl)C(=O)NC1=CC(NC(=O)C(=O)NCl)=CC(NC(=O)C(=O)NCl)=CC(NC(=O)C(=O)NCl)=C1,cyclooctatetraene__oxamide,Cl_direct,C4,S4,nonplanar,118.08212060819372,/home/tianyajun/MARL_for_COFs/cof_symmetry_pipeline/output/xyz/mol_003965.xyz,hierarchical_v1,2.095304821676381,3.8577242443880806
O=C(NBr)C(=O)NC1=CC(NC(=O)C(=O)NBr)=CC(NC(=O)C(=O)NBr)=CC(NC(=O)C(=O)NBr)=C1,cyclooctatetraene__oxamide,Br_direct,C4,S4,nonplanar,116.3067580868503,/home/tianyajun/MARL_for_COFs/cof_symmetry_pipeline/output/xyz/mol_003994.xyz,hierarchical_v1,2.1145112579113867,3.965483676867759
O=C(NI)C(=O)NC1=CC(NC(=O)C(=O)NI)=CC(NC(=O)C(=O)NI)=CC(NC(=O)C(=O)NI)=C1,cyclooctatetraene__oxamide,I_direct,C4,S4,nonplanar,115.3514734658586,/home/tianyajun/MARL_for_COFs/cof_symmetry_pipeline/output/xyz/mol_003995.xyz,hierarchical_v1,2.1270606435336603,4.0507663835266285
O=CNC(=O)C(=O)NC1=CC(NC(=O)C(=O)NC=O)=CC(NC(=O)C(=O)NC=O)=CC(NC(=O)C(=O)NC=O)=C1,cyclooctatetraene__oxamide,CHO_direct,C4,S4,nonplanar,-36.130046533172354,/home/tianyajun/MARL_for_COFs/cof_symmetry_pipeline/output/xyz/mol_003935.xyz,hierarchical_v1,2.3267561560072068,4.1970064377510035
N#CNC(=O)C(=O)NC1=CC(NC(=O)C(=O)NC#N)=CC(NC(=O)C(=O)NC#N)=CC(NC(=O)C(=O)NC#N)=C1,cyclooctatetraene__oxamide,CN_direct,C4,S4,nonplanar,-48.14171281097893,/home/tianyajun/MARL_for_COFs/cof_symmetry_pipeline/output/xyz/mol_003945.xyz,hierarchical_v1,2.251484723618847,4.008498600884591
C#CNC(=O)C(=O)NC1=CC(NC(=O)C(=O)NC#C)=CC(NC(=O)C(=O)NC#C)=CC(NC(=O)C(=O)NC#C)=C1,cyclooctatetraene__oxamide,ethynyl_direct,C4,S4,nonplanar,97.61130574871648,/home/tianyajun/MARL_for_COFs/cof_symmetry_pipeline/output/xyz/mol_003956.xyz,hierarchical_v1,2.6092282079590445,5.075735100262632
O=C(NC1=CC(NC(=O)C(=O)N[N+](=O)[O-])=CC(NC(=O)C(=O)N[N+](=O)[O-])=CC(NC(=O)C(=O)N[N+](=O)[O-])=C1)C(=O)N[N+](=O)[O-],cyclooctatetraene__oxamide,NO2_direct,C4,S4,nonplanar,-223.9074776464116,/home/tianyajun/MARL_for_COFs/cof_symmetry_pipeline/output/hierarchical/xyz/mol_000408.xyz,hierarchical_v1,2.4095475612558115,4.301653549206614
[N-]=[N+]=NNC(=O)C(=O)NC1=CC(NC(=O)C(=O)NN=[N+]=[N-])=CC(NC(=O)C(=O)NN=[N+]=[N-])=CC(NC(=O)C(=O)NN=[N+]=[N-])=C1,cyclooctatetraene__oxamide,N3_direct,C4,S4,nonplanar,273.9659649720944,/home/tianyajun/MARL_for_COFs/cof_symmetry_pipeline/output/hierarchical/xyz/mol_000409.xyz,hierarchical_v1,2.407059509872532,3.925312413061963
O=C(NN=C=S)C(=O)NC1=CC(NC(=O)C(=O)NN=C=S)=CC(NC(=O)C(=O)NN=C=S)=CC(NC(=O)C(=O)NN=C=S)=C1,cyclooctatetraene__oxamide,NCS_direct,C4,S4,nonplanar,266.1101531401904,/home/tianyajun/MARL_for_COFs/cof_symmetry_pipeline/output/hierarchical/xyz/mol_000411.xyz,hierarchical_v1,2.466239281793467,4.046125072048459
O=C(Cl)NC(=O)C(=O)NC1=CC(NC(=O)C(=O)NC(=O)Cl)=CC(NC(=O)C(=O)NC(=O)Cl)=CC(NC(=O)C(=O)NC(=O)Cl)=C1,cyclooctatetraene__oxamide,COCl_direct,C4,S4,nonplanar,-129.75622814220583,/home/tianyajun/MARL_for_COFs/cof_symmetry_pipeline/output/xyz/mol_003971.xyz,hierarchical_v1,2.293455877741372,4.019433314896547
O=[N+]([O-])c1ccc(-c2ccc(C3=CC(c4ccc(-c5ccc([N+](=O)[O-])cc5)cc4)=CC(c4ccc(-c5ccc([N+](=O)[O-])cc5)cc4)=CC(c4ccc(-c5ccc([N+](=O)[O-])cc5)cc4)=C3)cc2)cc1,cyclooctatetraene__biphenyl,NO2_direct,C4,S4,nonplanar,346.74861374458067,/home/tianyajun/MARL_for_COFs/cof_symmetry_pipeline/output/hierarchical/xyz/mol_007029.xyz,hierarchical_v1,3.859136265498852,7.242416490032573
O=C(NS)C(=O)NC1=CC(NC(=O)C(=O)NS)=CC(NC(=O)C(=O)NS)=CC(NC(=O)C(=O)NS)=C1,cyclooctatetraene__oxamide,SH_direct,C4,S4,nonplanar,170.8292549334471,/home/tianyajun/MARL_for_COFs/cof_symmetry_pipeline/output/hierarchical_supplement/xyz/mol_000074.xyz,hierarchical_v2,2.338751707890342,4.3023237156199405
[O]C(=O)NC(=O)C(=O)NC1=CC(NC(=O)C(=O)NC([O])=O)=CC(NC(=O)C(=O)NC([O])=O)=CC(NC(=O)C(=O)NC([O])=O)=C1,cyclooctatetraene__oxamide,PB_COOH,C4,S4,nonplanar,-126.8753113958092,/home/tianyajun/MARL_for_COFs/cof_symmetry_pipeline/output/hierarchical_supplement/xyz/mol_000466.xyz,hierarchical_v2,2.430511370391233,4.338449036478599
N#CC#CNC(=O)C(=O)NC1=CC(NC(=O)C(=O)NC#CC#N)=CC(NC(=O)C(=O)NC#CC#N)=CC(NC(=O)C(=O)NC#CC#N)=C1,cyclooctatetraene__oxamide,CCCN_direct,C4,S4,nonplanar,124.13051609799938,/home/tianyajun/MARL_for_COFs/cof_symmetry_pipeline/output/xyz/mol_003977.xyz,hierarchical_v2,2.9834282049905334,6.0350999632031295
Fc1c(F)c(C2=CC(c3c(F)c(F)c(Br)c(F)c3F)=CC(c3c(F)c(F)c(Br)c(F)c3F)=CC(c3c(F)c(F)c(Br)c(F)c3F)=C2)c(F)c(F)c1Br,cyclooctatetraene__tetrafluorobenzene,Br_direct,C4,S4,nonplanar,147.54208145899182,/home/tianyajun/MARL_for_COFs/cof_symmetry_pipeline/output/hierarchical_supplement/xyz/mol_001956.xyz,hierarchical_v2,2.5149579402916085,4.61407204837581
O=CC12CC3(C=O)CC(C=O)(C1)CC(C=O)(C2)C3,pb_ADAM_D4,CHO_direct,C4,S4,nonplanar,54.48224343545715,/home/tianyajun/MARL_for_COFs/cof_symmetry_pipeline/output/pycofbuilder/xyz/mol_002845.xyz,pycofbuilder,1.5942238683721976,2.44444730816804
C=CC12CC3(C=C)CC(C=C)(C1)CC(C=C)(C2)C3,pb_ADAM_D4,vinyl_direct,C4,S4,nonplanar,84.2139499996081,/home/tianyajun/MARL_for_COFs/cof_symmetry_pipeline/output/pycofbuilder/xyz/mol_002865.xyz,pycofbuilder,1.717385831082078,2.6299088273261155
CC(=O)c1ccc(C23CC4(c5ccc(C(C)=O)cc5)CC(c5ccc(C(C)=O)cc5)(C2)CC(c2ccc(C(C)=O)cc2)(C3)C4)cc1,pb_ADAM_D4,acetyl_ph,C4,S4,nonplanar,220.98429951545825,/home/tianyajun/MARL_for_COFs/cof_symmetry_pipeline/output/pycofbuilder/xyz/mol_002883.xyz,pycofbuilder,3.1698523289251708,7.113025846503179
N#CCC12CC3(CC#N)CC(CC#N)(C1)CC(CC#N)(C2)C3,pb_ADAM_D4,PB_CHCN,C4,S4,nonplanar,66.37972060483082,/home/tianyajun/MARL_for_COFs/cof_symmetry_pipeline/output/pycofbuilder/xyz/mol_002915.xyz,pycofbuilder,1.754630836527092,3.1051121475211265
N#Cc1ccc2c(c1)-c1cc(C#N)ccc1C21c2ccc(C#N)cc2-c2cc(C#N)ccc21,pb_SBFE_D4,CN_direct,C4,D2d,nonplanar,165.20374403560243,/home/tianyajun/MARL_for_COFs/cof_symmetry_pipeline/output/pycofbuilder/xyz/mol_002931.xyz,pycofbuilder,2.1097423039767906,3.331259533405104
N#Cc1ccc(-c2ccc3c(c2)-c2cc(-c4ccc(C#N)cc4)ccc2C32c3ccc(-c4ccc(C#N)cc4)cc3-c3cc(-c4ccc(C#N)cc4)ccc32)cc1,pb_SBFE_D4,CN_ph,C4,S4,nonplanar,261.98971937259864,/home/tianyajun/MARL_for_COFs/cof_symmetry_pipeline/output/pycofbuilder/xyz/mol_002932.xyz,pycofbuilder,3.1936248634225133,5.880142216013247
O=[N+]([O-])c1ccc2c(c1)-c1cc([N+](=O)[O-])ccc1C21c2ccc([N+](=O)[O-])cc2-c2cc([N+](=O)[O-])ccc21,pb_SBFE_D4,NO2_direct,C4,D2d,nonplanar,237.9823692227404,/home/tianyajun/MARL_for_COFs/cof_symmetry_pipeline/output/pycofbuilder/xyz/mol_002935.xyz,pycofbuilder,2.188303947364979,3.6621367247623784
C#Cc1ccc2c(c1)-c1cc(C#C)ccc1C21c2ccc(C#C)cc2-c2cc(C#C)ccc21,pb_SBFE_D4,ethynyl_direct,C4,D2d,nonplanar,114.13399133693672,/home/tianyajun/MARL_for_COFs/cof_symmetry_pipeline/output/pycofbuilder/xyz/mol_002942.xyz,pycofbuilder,2.302497680639002,4.512032814301354
Cc1ccc2c(c1)-c1cc(C)ccc1C21c2ccc(C)cc2-c2cc(C)ccc21,pb_SBFE_D4,methyl_direct,C4,S4,nonplanar,132.65677261434678,/home/tianyajun/MARL_for_COFs/cof_symmetry_pipeline/output/pycofbuilder/xyz/mol_002943.xyz,pycofbuilder,2.2561160191747294,3.7792969230642077
Clc1ccc2c(c1)-c1cc(Cl)ccc1C21c2ccc(Cl)cc2-c2cc(Cl)ccc21,pb_SBFE_D4,Cl_direct,C4,D2d,nonplanar,107.32124188269266,/home/tianyajun/MARL_for_COFs/cof_symmetry_pipeline/output/pycofbuilder/xyz/mol_002951.xyz,pycofbuilder,1.9677711077336904,3.233824913530652
COC(=O)c1ccc2c(c1)-c1cc(C(=O)OC)ccc1C21c2ccc(C(=O)OC)cc2-c2cc(C(=O)OC)ccc21,pb_SBFE_D4,COOMe_direct,C4,D2d,nonplanar,162.2120496964945,/home/tianyajun/MARL_for_COFs/cof_symmetry_pipeline/output/pycofbuilder/xyz/mol_002953.xyz,pycofbuilder,2.4951658634029585,4.174040156025243
N#CC#Cc1ccc2c(c1)-c1cc(C#CC#N)ccc1C21c2ccc(C#CC#N)cc2-c2cc(C#CC#N)ccc21,pb_SBFE_D4,CCCN_direct,C4,D2d,nonplanar,123.56207621258932,/home/tianyajun/MARL_for_COFs/cof_symmetry_pipeline/output/pycofbuilder/xyz/mol_002963.xyz,pycofbuilder,2.5775222487631133,4.853322184858301
Brc1ccc2c(c1)-c1cc(Br)ccc1C21c2ccc(Br)cc2-c2cc(Br)ccc21,pb_SBFE_D4,Br_direct,C4,D2d,nonplanar,111.73830821449847,/home/tianyajun/MARL_for_COFs/cof_symmetry_pipeline/output/pycofbuilder/xyz/mol_002980.xyz,pycofbuilder,1.9792237255768153,3.270709744366915
Ic1ccc2c(c1)-c1cc(I)ccc1C21c2ccc(I)cc2-c2cc(I)ccc21,pb_SBFE_D4,I_direct,C4,D2d,nonplanar,115.53036923307124,/home/tianyajun/MARL_for_COFs/cof_symmetry_pipeline/output/pycofbuilder/xyz/mol_002981.xyz,pycofbuilder,1.9923386335509425,3.201370792110846
[O]C(=O)c1ccc2c(c1)-c1cc(C([O])=O)ccc1C21c2ccc(C([O])=O)cc2-c2cc(C([O])=O)ccc21,pb_SBFE_D4,PB_COOH,C4,D2d,nonplanar,378.4583876242408,/home/tianyajun/MARL_for_COFs/cof_symmetry_pipeline/output/pycofbuilder/xyz/mol_002995.xyz,pycofbuilder,2.2116376354444864,3.8374846017792166
CC(=O)Oc1cc2c3cc(OC(C)=O)sc3c3cc4c(cc3c2s1)c1sc(OC(C)=O)cc1c1cc(OC(C)=O)sc14,pb_ATTP_R4,Oacetyl_direct,C4,D2d,planar,109.04969358298598,/home/tianyajun/MARL_for_COFs/cof_symmetry_pipeline/output/pycofbuilder/xyz/mol_003615.xyz,pycofbuilder,0.3323164788632675,0.9691293860378607
O=Cc1cc2c3cc(C=O)cc4c5cc(C=O)cc6c7cc(C=O)cc8c9cc(C=O)cc%10c%11cc(C=O)cc%12c(c1)c2c1c(c34)c(c56)c(c78)c(c%109)c1c%12%11,pb_HECO_H6,CHO_direct,D6h,C6h,planar,266.9412722648908,/home/tianyajun/MARL_for_COFs/cof_symmetry_pipeline/output/pycofbuilder/xyz/mol_003791.xyz,pycofbuilder,2.0044281905846336e-05,6.240398395673807e-05
O=CNc1cc2c3cc(NC=O)cc4c5cc(NC=O)cc6c7cc(NC=O)cc8c9cc(NC=O)cc%10c%11cc(NC=O)cc%12c(c1)c2c1c(c34)c(c56)c(c78)c(c%109)c1c%12%11,pb_HECO_H6,NHCHO_direct,D6h,C6,planar,75.83481166129656,/home/tianyajun/MARL_for_COFs/cof_symmetry_pipeline/output/pycofbuilder/xyz/mol_003844.xyz,pycofbuilder,0.07179716339639133,0.23076608503667573
