cifname,Fraction,Surface,Volume,Diameter,O2absolute
T3_301_NH2_EPO_H_H-L2_216_CHO_H_H-HCB_A-AA,0.44172,4054.16,0.915597,14.80323,1.618
T3_301_NH2_EPO_H_H-L2_204_CHO-HCB_A-AA,0.33138,4298.81,0.602893,9.00138,1.102
T3_301_NH2_SH_H_H-L2_208_CHO_H_H-HCB_A-AA,0.52654,2558.4,1.01537,22.21663,1.754
T3_301_NH2_NO2_H_H-L2_201_CHO_H_H-HCB_A-AA,0.54882,2965.76,1.17892,22.43058,2.013
T3_301_NH2_Cl_H_H-L2_207_CHO_H_H-HCB_A-AA,0.5244,2473.82,0.991186,22.21663,1.607
T3_301_NH2_CHS_H_H-L2_212_CHO_H_H-HCB_A-AA,0.4769,2976.22,0.947307,20.80982,2.271
T3_301_NH2_CH3_H_H-L2_209_CHO_H_H-HCB_A-AA,0.51666,4109.31,1.27651,20.86751,3.187
T3_301_NH2_CHS_H_H-L2_204_CHO-HCB_A-AA,0.31224,3149.58,0.488064,9.23443,0.814
T3_301_NH2_CN_H_H-L2_207_CHO_H_H-HCB_A-AA,0.51862,2547.89,1.00269,22.21663,1.462
T3_301_NH2_H_H_H-L2_206_CHO_H_H-HCB_A-AA,0.478,2375.51,0.794328,18.47056,1.619
T3_301_NH2_Br_H_H-L2_216_CHO_H_H-HCB_A-AA,0.40168,1964.95,0.512399,15.26686,1.057
T3_301_NH2_EPO_H_H-L2_208_CHO_H_H-HCB_A-AA,0.5572,4451.34,1.52641,22.51142,2.745
T3_301_NH2_I_H_H-L2_208_CHO_H_H-HCB_A-AA,0.51554,2026.2,0.81029,22.21663,1.646
T3_301_NH2_SH_H_H-L2_209_CHO_H_H-HCB_A-AA,0.47386,2222.68,0.785305,20.56711,2.117
T3_301_NH2_I_H_H-L2_216_CHO_H_H-HCB_A-AA,0.3911,1713.17,0.44016,14.31262,1.099
T3_301_NH2_F_H_H-L2_217_CHO_H_H-HCB_A-AA,0.49856,2465.66,0.91132,20.82472,2.257
T3_301_NH2_CHO_H_H-L2_207_CHO_H_H-HCB_A-AA,0.54414,3573.71,1.31891,22.37408,1.852
T3_301_NH2_CHS_H_H-L2_216_CHO_H_H-HCB_A-AA,0.42146,3004.92,0.753415,15.17353,1.276
T3_301_NH2_OMe_H_H-L2_205_CHO_H_H-HCB_A-AA,0.48498,4108.04,1.12183,18.54296,2.505
T3_301_NH2_F_H_H-L2_209_CHO_H_H-HCB_A-AA,0.47774,2306.85,0.815221,20.56711,2.207
T3_301_NH2_I_H_H-L2_213_CHO_H_H-HCB_A-AA,0.46464,1856.64,0.636981,19.08362,1.447
T3_301_NH2_CH3_H_H-L2_201_CHO_H_H-HCB_A-AA,0.56792,3994.56,1.4388,22.5281,2.271
T3_301_NH2_CN_H_H-L2_209_CHO_H_H-HCB_A-AA,0.46658,2209.68,0.784571,20.56711,1.939
T3_301_NH2_CH3_H_H-L2_214_CHO_H_H-HCB_A-AA,0.46098,4351.25,1.03494,15.65682,1.444
T3_301_NH2_NO2_H_H-L2_213_CHO_H_H-HCB_A-AA,0.4991,3205.16,1.07324,19.29298,1.713
T3_301_NH2_OCOCH3_H_H-L2_201_CHO_H_H-HCB_A-AA,0.58194,5863.82,1.5231,21.70494,3.349
T3_301_NH2_OCOCH3_H_H-L2_208_CHO_H_H-HCB_A-AA,0.5825,6739.44,1.71915,21.57669,3.941
T3_301_NH2_Cl_H_H-L2_205_CHO_H_H-HCB_A-AA,0.44502,2330.63,0.71555,18.22096,1.607
T3_301_NH2_CN_H_H-L2_206_CHO_H_H-HCB_A-AA,0.45708,2141.87,0.710666,18.46437,1.327
T3_301_NH2_NH2_H_H-L2_201_CHO_H_H-HCB_A-AA,0.53286,2216.74,0.938196,22.24812,1.861
T3_301_NH2_OMe_H_H-L2_212_CHO_H_H-HCB_A-AA,0.50012,3886.45,1.15029,20.92987,2.806
T3_301_NH2_COOH_H_H-L2_203_CHO_H_H-HCB_A-AA,0.54972,3524.12,1.31069,22.39844,2.028
T3_301_NH2_Br_H_H-L2_215_CHO_H_H-HCB_A-AA,0.40624,1888.42,0.518216,15.25529,1.003
T3_301_NH2_F_H_H-L2_216_CHO_H_H-HCB_A-AA,0.4194,2411.43,0.646876,15.26686,1.111
T3_301_NH2_F_H_H-L2_213_CHO_H_H-HCB_A-AA,0.4825,2423.98,0.857082,19.08362,1.52
T3_301_NH2_CHS_H_H-L2_210_CHO_H_H-HCB_A-AA,0.41796,3027.24,0.750664,15.17353,1.324
T3_301_NH2_F_H_H-L2_203_CHO_H_H-HCB_A-AA,0.54038,2621.47,1.05516,22.21663,1.866
T3_301_NH2_NH2_H_H-L2_212_CHO_H_H-HCB_A-AA,0.46356,2322.1,0.773278,20.64158,2.057
T3_301_NH2_OMe_H_H-L2_203_CHO_H_H-HCB_A-AA,0.5674,4373.5,1.53023,22.48652,2.553
T3_301_NH2_CH3_H_H-L2_205_CHO_H_H-HCB_A-AA,0.49182,4397.05,1.19992,18.55539,2.264
T3_301_NH2_CHO_H_H-L2_206_CHO_H_H-HCB_A-AA,0.48454,3039.76,0.944062,18.64258,1.624
T3_301_NH2_CHS_H_H-L2_217_CHO_H_H-HCB_A-AA,0.50666,3116.03,1.10385,20.99163,2.536
T3_301_NH2_COOH_H_H-L2_207_CHO_H_H-HCB_A-AA,0.54278,3598.76,1.303,22.39844,2.038
T3_301_NH2_CHO_H_H-L2_203_CHO_H_H-HCB_A-AA,0.5514,3506.78,1.32708,22.37408,1.985
T3_301_NH2_CHO_H_H-L2_204_CHO-HCB_A-AA,0.32334,3464.03,0.549505,9.65744,0.74
T3_301_NH2_NO_H_H-L2_214_CHO_H_H-HCB_A-AA,0.41402,2199.93,0.615322,15.26692,1.033
T3_301_NH2_NO2_H_H-L2_211_CHO_H_H-HCB_A-AA,0.34532,2545.57,0.50123,12.19645,1.525
T3_301_NH2_OMe_H_H-L2_217_CHO_H_H-HCB_A-AA,0.52982,4098.81,1.34024,21.11075,3.197
T3_301_NH2_OCOCH3_H_H-L2_216_CHO_H_H-HCB_A-AA,0.47,6079.5,1.03662,13.67896,2.401
T3_301_NH2_EPO_H_H-L2_201_CHO_H_H-HCB_A-AA,0.56142,3787.49,1.35773,22.54254,2.561
T3_301_NH2_OMe_H_H-L2_209_CHO_H_H-HCB_A-AA,0.51052,3891.8,1.20804,20.85633,3.034
T3_301_NH2_I_H_H-L2_212_CHO_H_H-HCB_A-AA,0.45436,1800.58,0.615819,20.64158,2.07
T3_301_NH2_F_H_H-L2_207_CHO_H_H-HCB_A-AA,0.53074,2597.8,1.04389,22.21663,1.545
T3_301_NH2_Cl_H_H-L2_217_CHO_H_H-HCB_A-AA,0.4931,2336.48,0.868738,20.82472,2.311
T3_301_NH2_CHO_H_H-L2_217_CHO_H_H-HCB_A-AA,0.51034,3281.41,1.1517,20.99163,2.5
T3_301_NH2_EPO_H_H-L2_215_CHO_H_H-HCB_A-AA,0.44492,3971.8,0.92223,14.82854,1.504
T3_301_NH2_EPO_H_H-L2_217_CHO_H_H-HCB_A-AA,0.5234,4140.46,1.31952,21.13712,3.046
T3_301_NH2_NO_H_H-L2_210_CHO_H_H-HCB_A-AA,0.40578,2243.44,0.606047,15.26686,1.147
T3_301_NH2_SO2H_H_H-L2_217_CHO_H_H-HCB_A-AA,0.50646,3177.42,1.0881,21.01744,2.592
T3_301_NH2_OMe_H_H-L2_208_CHO_H_H-HCB_A-AA,0.55804,4420.96,1.53769,22.48652,2.528
T3_301_NH2_CH3_H_H-L2_216_CHO_H_H-HCB_A-AA,0.45708,4434.76,1.02619,15.65676,1.492
T3_301_NH2_OH_H_H-L2_214_CHO_H_H-HCB_A-AA,0.42056,2334.02,0.653129,15.26692,0.966
T3_301_NH2_OCOCH3_H_H-L2_217_CHO_H_H-HCB_A-AA,0.55756,6542.74,1.51903,21.28373,4.957
T3_301_NH2_H_H_H-L2_201_CHO_H_H-HCB_A-AA,0.53918,2315.61,0.981606,22.24812,1.779
T3_301_NH2_OMe_H_H-L2_214_CHO_H_H-HCB_A-AA,0.4475,4045.05,0.942458,15.01392,1.404
T3_301_NH2_OMe_H_H-L2_213_CHO_H_H-HCB_A-AA,0.50868,4064.5,1.24376,19.39274,2.032
T3_301_NH2_F_H_H-L2_202_CHO_H_H-HCB_A-AA,0.42168,2376.27,0.677595,15.79061,1.151
T3_301_NH2_CN_H_H-L2_213_CHO_H_H-HCB_A-AA,0.46848,2371.0,0.816469,19.08362,1.343
T3_301_NH2_NH2_H_H-L2_215_CHO_H_H-HCB_A-AA,0.41828,2266.37,0.651805,15.2669,1.088
T3_301_NH2_H_H_H-L2_207_CHO_H_H-HCB_A-AA,0.53486,2817.69,1.10084,22.21663,1.56
T3_301_NH2_OCOCH3_H_H-L2_209_CHO_H_H-HCB_A-AA,0.53804,6315.28,1.37718,21.03121,5.055
T3_301_NH2_SO2H_H_H-L2_203_CHO_H_H-HCB_A-AA,0.5441,3406.02,1.24004,21.93014,1.956
T3_301_NH2_OMe_H_H-L2_206_CHO_H_H-HCB_A-AA,0.4999,3844.71,1.09106,18.71923,1.986
T3_301_NH2_NH2_H_H-L2_214_CHO_H_H-HCB_A-AA,0.41868,2313.03,0.652429,15.26692,1.087
T3_301_NH2_SO2H_H_H-L2_207_CHO_H_H-HCB_A-AA,0.5376,3456.88,1.23323,21.93014,2.066
T3_301_NH2_H_H_H-L2_214_CHO_H_H-HCB_A-AA,0.42972,2530.71,0.706425,15.26692,1.07
T3_301_NH2_SH_H_H-L2_202_CHO_H_H-HCB_A-AA,0.41526,2216.79,0.636216,15.79061,1.246
T3_301_NH2_OMe_H_H-L2_210_CHO_H_H-HCB_A-AA,0.4401,4048.19,0.931424,15.01392,1.649
T3_301_NH2_Cl_H_H-L2_206_CHO_H_H-HCB_A-AA,0.46542,2122.38,0.706476,18.47056,1.427
T3_301_NH2_F_H_H-L2_212_CHO_H_H-HCB_A-AA,0.4666,2347.62,0.77356,20.64158,2.055
T3_301_NH2_I_H_H-L2_206_CHO_H_H-HCB_A-AA,0.45342,1710.13,0.559646,18.26334,1.398
T3_301_NH2_CHS_H_H-L2_205_CHO_H_H-HCB_A-AA,0.4621,3175.72,0.915081,18.40899,2.008
T3_301_NH2_NO_H_H-L2_204_CHO-HCB_A-AA,0.3046,2447.98,0.407737,9.73442,0.634
T3_301_NH2_CHO_H_H-L2_209_CHO_H_H-HCB_A-AA,0.49292,3107.89,1.04022,20.73589,2.349
T3_301_NH2_COOH_H_H-L2_216_CHO_H_H-HCB_A-AA,0.42104,3175.8,0.774317,14.61923,1.259
T3_301_NH2_CN_H_H-L2_201_CHO_H_H-HCB_A-AA,0.52364,2150.05,0.902211,22.24812,1.582
T3_301_NH2_SH_H_H-L2_213_CHO_H_H-HCB_A-AA,0.47866,2314.89,0.818678,19.08362,1.648
T3_301_NH2_CN_H_H-L2_210_CHO_H_H-HCB_A-AA,0.39194,2284.68,0.593242,14.57963,1.043
T3_301_NH2_NO_H_H-L2_211_CHO_H_H-HCB_A-AA,0.32264,1761.22,0.375109,11.90783,1.258
T3_301_NH2_CHS_H_H-L2_215_CHO_H_H-HCB_A-AA,0.42554,2930.9,0.760709,15.17354,1.236
T3_301_NH2_OMe_H_H-L2_202_CHO_H_H-HCB_A-AA,0.44852,4080.17,0.983713,15.39371,1.759
T3_301_NH2_CH3_H_H-L2_213_CHO_H_H-HCB_A-AA,0.51972,4275.58,1.34007,19.40468,2.234
T3_301_NH2_NO2_H_H-L2_204_CHO-HCB_A-AA,0.32238,3238.65,0.516444,9.52171,0.706
T3_301_NH2_NO_H_H-L2_217_CHO_H_H-HCB_A-AA,0.49606,2348.03,0.884544,20.82472,2.438
T3_301_NH2_H_H_H-L2_203_CHO_H_H-HCB_A-AA,0.54524,2771.45,1.11372,22.21663,1.808
T3_301_NH2_SH_H_H-L2_211_CHO_H_H-HCB_A-AA,0.32452,1726.79,0.374323,11.90783,1.353
T3_301_NH2_CHO_H_H-L2_205_CHO_H_H-HCB_A-AA,0.46662,3362.2,0.96379,18.40899,1.767
T3_301_NH2_Br_H_H-L2_217_CHO_H_H-HCB_A-AA,0.49092,2100.44,0.787912,20.82472,2.36
T3_301_NH2_NO2_H_H-L2_207_CHO_H_H-HCB_A-AA,0.5472,3555.23,1.31191,22.39933,1.912
T3_301_NH2_SO2H_H_H-L2_206_CHO_H_H-HCB_A-AA,0.4738,2895.69,0.869422,17.69648,1.615
T3_301_NH2_NO2_H_H-L2_205_CHO_H_H-HCB_A-AA,0.47032,3313.0,0.956643,18.43909,1.955
T3_301_NH2_Cl_H_H-L2_215_CHO_H_H-HCB_A-AA,0.41172,2199.04,0.601073,15.2669,1.008
T3_301_NH2_CHS_H_H-L2_214_CHO_H_H-HCB_A-AA,0.42632,2974.21,0.762103,15.17338,1.174
T3_301_NH2_NO_H_H-L2_212_CHO_H_H-HCB_A-AA,0.4641,2200.65,0.752286,20.64158,2.134
T3_301_NH2_F_H_H-L2_208_CHO_H_H-HCB_A-AA,0.53064,2659.25,1.05934,22.21663,1.666
T3_301_NH2_CHS_H_H-L2_211_CHO_H_H-HCB_A-AA,0.33958,2392.8,0.479838,12.15739,1.636
T3_301_NH2_EPO_H_H-L2_203_CHO_H_H-HCB_A-AA,0.56458,4388.51,1.51466,22.51142,2.52
T3_301_NH2_H_H_H-L2_204_CHO-HCB_A-AA,0.34222,3011.6,0.543157,11.49283,0.581
T3_301_NH2_CN_H_H-L2_215_CHO_H_H-HCB_A-AA,0.40018,2247.79,0.602705,14.60836,1.025
T3_301_NH2_F_H_H-L2_205_CHO_H_H-HCB_A-AA,0.45192,2522.2,0.759548,18.22096,1.733
T3_301_NH2_NH2_H_H-L2_209_CHO_H_H-HCB_A-AA,0.47494,2328.84,0.815557,20.56711,2.108
T3_301_NH2_OCOCH3_H_H-L2_203_CHO_H_H-HCB_A-AA,0.59226,6488.69,1.7131,21.57669,3.674
T3_301_NH2_F_H_H-L2_214_CHO_H_H-HCB_A-AA,0.42362,2296.65,0.653384,15.26692,0.96
T3_301_NH2_Br_H_H-L2_201_CHO_H_H-HCB_A-AA,0.52672,1933.84,0.813554,22.24812,1.641
T3_301_NH2_CHO_H_H-L2_210_CHO_H_H-HCB_A-AA,0.42346,3173.7,0.8013,15.48635,1.308
T3_301_NH2_OCOCH3_H_H-L2_204_CHO-HCB_A-AA,0.34396,6433.34,0.647396,8.49312,1.262
T3_301_NH2_Cl_H_H-L2_203_CHO_H_H-HCB_A-AA,0.53326,2554.03,1.00093,22.21663,1.815
T3_301_NH2_Cl_H_H-L2_213_CHO_H_H-HCB_A-AA,0.4762,2304.34,0.809389,19.08362,1.537
T3_301_NH2_CHS_H_H-L2_206_CHO_H_H-HCB_A-AA,0.47992,2930.06,0.898199,18.64258,1.646
T3_301_NH2_SO2H_H_H-L2_205_CHO_H_H-HCB_A-AA,0.45888,3135.3,0.889024,17.83952,1.895
T3_301_NH2_CHS_H_H-L2_202_CHO_H_H-HCB_A-AA,0.42758,3032.84,0.795652,15.55391,1.443
T3_301_NH2_SO2H_H_H-L2_211_CHO_H_H-HCB_A-AA,0.33254,2320.11,0.460385,12.19508,1.391
T3_301_NH2_NH2_H_H-L2_211_CHO_H_H-HCB_A-AA,0.32646,1819.98,0.393801,11.90783,1.337
T3_301_NH2_COOH_H_H-L2_210_CHO_H_H-HCB_A-AA,0.41746,3121.82,0.771336,14.61923,1.269
T3_301_NH2_SO2H_H_H-L2_209_CHO_H_H-HCB_A-AA,0.48756,2977.24,0.984985,20.76199,2.372
T3_301_NH2_I_H_H-L2_204_CHO-HCB_A-AA,0.26816,1570.46,0.235645,8.42616,0.701
T3_301_NH2_SO2H_H_H-L2_202_CHO_H_H-HCB_A-AA,0.41728,2996.59,0.750914,14.25839,1.409
T3_301_NH2_EPO_H_H-L2_207_CHO_H_H-HCB_A-AA,0.55884,4466.07,1.50956,22.51142,2.585
T3_301_NH2_NO2_H_H-L2_202_CHO_H_H-HCB_A-AA,0.43444,3157.98,0.829897,16.03786,1.352
T3_301_NH2_CHS_H_H-L2_208_CHO_H_H-HCB_A-AA,0.5401,3426.77,1.27811,22.37408,2.024
T3_301_NH2_Br_H_H-L2_210_CHO_H_H-HCB_A-AA,0.39786,1917.2,0.509671,15.26686,1.157
T3_301_NH2_CHO_H_H-L2_202_CHO_H_H-HCB_A-AA,0.43284,3198.8,0.848819,15.95007,1.344
T3_301_NH2_I_H_H-L2_201_CHO_H_H-HCB_A-AA,0.5207,1764.11,0.73764,22.24812,1.692
T3_301_NH2_Br_H_H-L2_207_CHO_H_H-HCB_A-AA,0.52164,2232.52,0.891984,22.21663,1.492
T3_301_NH2_CHS_H_H-L2_203_CHO_H_H-HCB_A-AA,0.5475,3365.15,1.26896,22.37408,2.047
T3_301_NH2_COOH_H_H-L2_205_CHO_H_H-HCB_A-AA,0.46558,3341.04,0.948458,18.43803,1.957
T3_301_NH2_SH_H_H-L2_217_CHO_H_H-HCB_A-AA,0.49502,2347.88,0.876705,20.82472,2.48
T3_301_NH2_SO2H_H_H-L2_208_CHO_H_H-HCB_A-AA,0.53654,3416.86,1.24735,21.93014,2.114
T3_301_NH2_SH_H_H-L2_206_CHO_H_H-HCB_A-AA,0.46838,2145.97,0.715245,18.47056,1.54
T3_301_NH2_I_H_H-L2_214_CHO_H_H-HCB_A-AA,0.39584,1654.03,0.445495,14.36008,1.01
T3_301_NH2_OH_H_H-L2_203_CHO_H_H-HCB_A-AA,0.53844,2630.68,1.05653,22.21663,1.882
T3_301_NH2_CH3_H_H-L2_217_CHO_H_H-HCB_A-AA,0.53286,4327.36,1.41124,21.12181,2.934
T3_301_NH2_I_H_H-L2_210_CHO_H_H-HCB_A-AA,0.38744,1667.14,0.437666,14.31262,1.157
T3_301_NH2_Cl_H_H-L2_214_CHO_H_H-HCB_A-AA,0.41214,2173.74,0.601686,15.26692,0.989
T3_301_NH2_NO2_H_H-L2_209_CHO_H_H-HCB_A-AA,0.49598,3087.27,1.04113,20.76294,2.325
T3_301_NH2_NO2_H_H-L2_203_CHO_H_H-HCB_A-AA,0.55402,3602.95,1.31926,22.39933,2.033
T3_301_NH2_SO2H_H_H-L2_212_CHO_H_H-HCB_A-AA,0.47702,2952.79,0.93781,20.83583,2.287
T3_301_NH2_SH_H_H-L2_216_CHO_H_H-HCB_A-AA,0.4117,2289.26,0.605727,15.26686,1.231
T3_301_NH2_SO2H_H_H-L2_204_CHO-HCB_A-AA,0.2845,3167.46,0.415888,8.14405,0.845
T3_301_NH2_H_H_H-L2_205_CHO_H_H-HCB_A-AA,0.45694,2612.87,0.807985,18.22096,1.792
T3_301_NH2_NO_H_H-L2_216_CHO_H_H-HCB_A-AA,0.4101,2298.59,0.609496,15.26686,1.094
T3_301_NH2_NO_H_H-L2_205_CHO_H_H-HCB_A-AA,0.44796,2385.5,0.730757,18.22096,1.677
T3_301_NH2_OCOCH3_H_H-L2_210_CHO_H_H-HCB_A-AA,0.4657,6105.19,1.03176,13.67896,2.717
T3_301_NH2_SH_H_H-L2_214_CHO_H_H-HCB_A-AA,0.41646,2229.8,0.61273,15.26692,1.195
T3_301_NH2_Br_H_H-L2_209_CHO_H_H-HCB_A-AA,0.46932,2014.42,0.709754,20.56711,1.856
T3_301_NH2_Br_H_H-L2_202_CHO_H_H-HCB_A-AA,0.40584,1949.98,0.538401,15.69348,1.088
T3_301_NH2_H_H_H-L2_202_CHO_H_H-HCB_A-AA,0.42734,2591.34,0.73239,15.79061,1.201
T3_301_NH2_Cl_H_H-L2_209_CHO_H_H-HCB_A-AA,0.4719,2194.9,0.778268,20.56711,1.99
T3_301_NH2_OH_H_H-L2_207_CHO_H_H-HCB_A-AA,0.52898,2662.5,1.04556,22.21663,1.67
T3_301_NH2_OH_H_H-L2_204_CHO-HCB_A-AA,0.31834,2631.77,0.458303,10.55279,0.558
T3_301_NH2_COOH_H_H-L2_213_CHO_H_H-HCB_A-AA,0.49284,3320.99,1.0614,19.29197,1.661
T3_301_NH2_I_H_H-L2_207_CHO_H_H-HCB_A-AA,0.51564,2006.26,0.800993,22.21663,1.503
T3_301_NH2_Cl_H_H-L2_201_CHO_H_H-HCB_A-AA,0.5296,2139.36,0.894393,22.24812,1.787
T3_301_NH2_CN_H_H-L2_214_CHO_H_H-HCB_A-AA,0.4005,2258.19,0.603187,14.60687,0.963
T3_301_NH2_CHO_H_H-L2_215_CHO_H_H-HCB_A-AA,0.431,3124.57,0.811556,15.48639,1.12
T3_301_NH2_H_H_H-L2_210_CHO_H_H-HCB_A-AA,0.42122,2565.02,0.696227,15.26686,1.19
T3_301_NH2_OH_H_H-L2_212_CHO_H_H-HCB_A-AA,0.46542,2269.51,0.774794,20.64158,2.194
T3_301_NH2_CHO_H_H-L2_201_CHO_H_H-HCB_A-AA,0.54714,2968.29,1.18285,22.40536,1.902
T3_301_NH2_NO_H_H-L2_201_CHO_H_H-HCB_A-AA,0.52964,2149.56,0.904815,22.24812,1.792
T3_301_NH2_SO2H_H_H-L2_201_CHO_H_H-HCB_A-AA,0.539,2898.4,1.11305,22.0622,2.032
T3_301_NH2_OH_H_H-L2_208_CHO_H_H-HCB_A-AA,0.52888,2681.79,1.06111,22.21663,1.748
T3_301_NH2_H_H_H-L2_217_CHO_H_H-HCB_A-AA,0.50312,2608.08,0.959,20.82472,2.586
T3_301_NH2_NO2_H_H-L2_216_CHO_H_H-HCB_A-AA,0.42894,3144.09,0.787182,15.52143,1.208
T3_301_NH2_OMe_H_H-L2_207_CHO_H_H-HCB_A-AA,0.55956,4430.31,1.51976,22.48652,2.298
T3_301_NH2_OH_H_H-L2_201_CHO_H_H-HCB_A-AA,0.53368,2198.34,0.937619,22.24812,1.66
T3_301_NH2_CHO_H_H-L2_211_CHO_H_H-HCB_A-AA,0.34334,2514.55,0.505375,12.15739,1.428
T3_301_NH2_SO2H_H_H-L2_213_CHO_H_H-HCB_A-AA,0.486,3154.66,0.995589,18.70067,1.761
T3_301_NH2_CHO_H_H-L2_214_CHO_H_H-HCB_A-AA,0.43184,3138.64,0.813138,15.48641,1.135
T3_301_NH2_NO2_H_H-L2_210_CHO_H_H-HCB_A-AA,0.42526,3114.56,0.784079,15.52143,1.342
T3_301_NH2_I_H_H-L2_217_CHO_H_H-HCB_A-AA,0.48578,1908.77,0.712597,20.82472,2.234
T3_301_NH2_Cl_H_H-L2_204_CHO-HCB_A-AA,0.30154,2333.31,0.392107,9.66353,0.648
T3_301_NH2_SO2H_H_H-L2_215_CHO_H_H-HCB_A-AA,0.41414,2950.68,0.716349,13.96804,1.24
T3_301_NH2_OH_H_H-L2_206_CHO_H_H-HCB_A-AA,0.47116,2234.24,0.749952,18.47056,1.445
T3_301_NH2_F_H_H-L2_201_CHO_H_H-HCB_A-AA,0.53538,2247.18,0.93653,22.24812,1.68
T3_301_NH2_EPO_H_H-L2_202_CHO_H_H-HCB_A-AA,0.4478,4128.9,0.966264,15.17686,1.827
T3_301_NH2_NO_H_H-L2_202_CHO_H_H-HCB_A-AA,0.413,2259.13,0.63924,15.79061,1.089
T3_301_NH2_F_H_H-L2_206_CHO_H_H-HCB_A-AA,0.47292,2248.55,0.748825,18.47056,1.455
T3_301_NH2_H_H_H-L2_208_CHO_H_H-HCB_A-AA,0.53476,2841.64,1.11791,22.21663,1.705
T3_301_NH2_SH_H_H-L2_201_CHO_H_H-HCB_A-AA,0.53162,2081.69,0.902314,22.24812,1.8
T3_301_NH2_OMe_H_H-L2_215_CHO_H_H-HCB_A-AA,0.446,4009.12,0.939299,15.01392,1.435
T3_301_NH2_OCOCH3_H_H-L2_205_CHO_H_H-HCB_A-AA,0.51222,6327.64,1.26133,17.53605,4.117
T3_301_NH2_NO2_H_H-L2_212_CHO_H_H-HCB_A-AA,0.48366,3131.48,0.987365,20.83678,2.334
T3_301_NH2_NH2_H_H-L2_206_CHO_H_H-HCB_A-AA,0.46974,2235.0,0.749636,18.47056,1.428
T3_301_NH2_NO2_H_H-L2_215_CHO_H_H-HCB_A-AA,0.43236,3047.39,0.793458,15.52147,1.091
T3_301_NH2_Cl_H_H-L2_212_CHO_H_H-HCB_A-AA,0.46114,2183.13,0.739344,20.64158,2.028
T3_301_NH2_EPO_H_H-L2_210_CHO_H_H-HCB_A-AA,0.438,3972.74,0.912174,14.80323,1.645
T3_301_NH2_OCOCH3_H_H-L2_213_CHO_H_H-HCB_A-AA,0.53346,6372.13,1.38893,18.38414,3.274
T3_301_NH2_EPO_H_H-L2_212_CHO_H_H-HCB_A-AA,0.49594,3934.3,1.1395,20.95645,2.777
T3_301_NH2_OH_H_H-L2_215_CHO_H_H-HCB_A-AA,0.42016,2336.61,0.652508,15.2669,1.096
T3_301_NH2_COOH_H_H-L2_208_CHO_H_H-HCB_A-AA,0.5417,3585.07,1.31871,22.39844,2.073
T3_301_NH2_I_H_H-L2_215_CHO_H_H-HCB_A-AA,0.3954,1650.87,0.445,14.3599,1.023
T3_301_NH2_F_H_H-L2_204_CHO-HCB_A-AA,0.3254,2628.08,0.463112,10.85624,0.56
T3_301_NH2_Br_H_H-L2_211_CHO_H_H-HCB_A-AA,0.318,1540.18,0.327432,11.90783,1.202
T3_301_NH2_OH_H_H-L2_211_CHO_H_H-HCB_A-AA,0.32716,1852.09,0.393605,11.90783,1.324
T3_301_NH2_F_H_H-L2_211_CHO_H_H-HCB_A-AA,0.32932,1861.42,0.394102,11.90783,1.293
T3_301_NH2_CHS_H_H-L2_207_CHO_H_H-HCB_A-AA,0.54084,3407.6,1.2621,22.37408,2.013
T3_301_NH2_CN_H_H-L2_208_CHO_H_H-HCB_A-AA,0.51852,2593.81,1.01726,22.21663,1.554
T3_301_NH2_OCOCH3_H_H-L2_206_CHO_H_H-HCB_A-AA,0.52402,5760.8,1.22142,17.40273,3.391
T3_301_NH2_OCOCH3_H_H-L2_211_CHO_H_H-HCB_A-AA,0.39242,5210.98,0.69024,12.58992,3.385
T3_301_NH2_CH3_H_H-L2_212_CHO_H_H-HCB_A-AA,0.50318,4119.95,1.20764,20.94102,2.693
T3_301_NH2_OCOCH3_H_H-L2_212_CHO_H_H-HCB_A-AA,0.53122,6262.91,1.32294,21.1042,4.997
T3_301_NH2_OMe_H_H-L2_211_CHO_H_H-HCB_A-AA,0.3582,3200.89,0.590572,12.33167,1.659
T3_301_NH2_OCOCH3_H_H-L2_207_CHO_H_H-HCB_A-AA,0.58534,6638.55,1.70431,21.57669,3.974
T3_301_NH2_CH3_H_H-L2_208_CHO_H_H-HCB_A-AA,0.56474,4670.11,1.63495,22.49697,2.525
T3_301_NH2_OH_H_H-L2_202_CHO_H_H-HCB_A-AA,0.41908,2370.83,0.6781,15.79061,1.059
T3_301_NH2_Cl_H_H-L2_211_CHO_H_H-HCB_A-AA,0.32172,1725.58,0.36884,11.90783,1.291
T3_301_NH2_NH2_H_H-L2_210_CHO_H_H-HCB_A-AA,0.40982,2399.65,0.641922,15.26686,1.136
T3_301_NH2_CN_H_H-L2_216_CHO_H_H-HCB_A-AA,0.39568,2330.09,0.595927,14.57963,0.92
T3_301_NH2_I_H_H-L2_203_CHO_H_H-HCB_A-AA,0.5237,2079.69,0.808862,22.21663,1.694
T3_301_NH2_OH_H_H-L2_205_CHO_H_H-HCB_A-AA,0.4504,2430.63,0.761164,18.22096,1.626
T3_301_NH2_Br_H_H-L2_214_CHO_H_H-HCB_A-AA,0.40664,1879.13,0.518726,15.25749,0.969
T3_301_NH2_I_H_H-L2_209_CHO_H_H-HCB_A-AA,0.4642,1819.69,0.645361,20.56711,2.007
T3_301_NH2_SH_H_H-L2_203_CHO_H_H-HCB_A-AA,0.53568,2511.52,1.01113,22.21663,1.859
T3_301_NH2_COOH_H_H-L2_202_CHO_H_H-HCB_A-AA,0.42678,3185.22,0.817012,15.00006,1.323
T3_301_NH2_Br_H_H-L2_212_CHO_H_H-HCB_A-AA,0.45906,1993.37,0.675909,20.64158,2.005
T3_301_NH2_SO2H_H_H-L2_210_CHO_H_H-HCB_A-AA,0.40774,2920.95,0.70839,13.87389,1.35
T3_301_NH2_CN_H_H-L2_211_CHO_H_H-HCB_A-AA,0.31372,1722.37,0.368542,11.90783,1.191
T3_301_NH2_COOH_H_H-L2_201_CHO_H_H-HCB_A-AA,0.54398,3014.93,1.16973,22.42969,1.951
T3_301_NH2_COOH_H_H-L2_215_CHO_H_H-HCB_A-AA,0.42414,3120.54,0.780018,14.64036,1.165
T3_301_NH2_OCOCH3_H_H-L2_202_CHO_H_H-HCB_A-AA,0.4726,6243.85,1.08461,14.05431,3.202
T3_301_NH2_SH_H_H-L2_212_CHO_H_H-HCB_A-AA,0.46306,2177.23,0.745972,20.64158,2.165
T3_301_NH2_NH2_H_H-L2_213_CHO_H_H-HCB_A-AA,0.48,2422.78,0.85965,19.08362,1.591
T3_301_NH2_CN_H_H-L2_202_CHO_H_H-HCB_A-AA,0.40034,2306.01,0.628012,14.96912,1.058
T3_301_NH2_COOH_H_H-L2_212_CHO_H_H-HCB_A-AA,0.48106,3109.24,0.982981,20.83583,2.17
T3_301_NH2_Cl_H_H-L2_202_CHO_H_H-HCB_A-AA,0.41144,2223.9,0.625443,15.79061,1.143
T3_301_NH2_EPO_H_H-L2_211_CHO_H_H-HCB_A-AA,0.3623,3269.86,0.592805,12.36996,1.998
T3_301_NH2_OCOCH3_H_H-L2_215_CHO_H_H-HCB_A-AA,0.47138,6027.0,1.03967,13.8059,2.546
T3_301_NH2_NO2_H_H-L2_206_CHO_H_H-HCB_A-AA,0.4868,2980.0,0.935906,18.67017,1.681
T3_301_NH2_NH2_H_H-L2_217_CHO_H_H-HCB_A-AA,0.49546,2490.81,0.91184,20.82472,2.297
T3_301_NH2_NO_H_H-L2_208_CHO_H_H-HCB_A-AA,0.52546,2560.59,1.02086,22.21663,1.693
T3_301_NH2_NO_H_H-L2_215_CHO_H_H-HCB_A-AA,0.41366,2205.87,0.614787,15.2669,1.008
T3_301_NH2_H_H_H-L2_213_CHO_H_H-HCB_A-AA,0.48648,2612.29,0.908968,19.08362,1.62
T3_301_NH2_NH2_H_H-L2_205_CHO_H_H-HCB_A-AA,0.44884,2542.64,0.760599,18.22096,1.609
T3_301_NH2_Cl_H_H-L2_210_CHO_H_H-HCB_A-AA,0.40326,2193.69,0.591571,15.26686,1.155
T3_301_NH2_SO2H_H_H-L2_214_CHO_H_H-HCB_A-AA,0.41524,2963.73,0.718251,13.96804,1.17
T3_301_NH2_CN_H_H-L2_205_CHO_H_H-HCB_A-AA,0.43758,2398.91,0.721509,18.22096,1.502
T3_301_NH2_CH3_H_H-L2_215_CHO_H_H-HCB_A-AA,0.4599,4310.19,1.03252,15.65679,1.482
T3_301_NH2_SH_H_H-L2_207_CHO_H_H-HCB_A-AA,0.52664,2546.97,1.00106,22.21663,1.71
T3_301_NH2_EPO_H_H-L2_213_CHO_H_H-HCB_A-AA,0.51048,4021.35,1.23766,19.42121,2.24
T3_301_NH2_COOH_H_H-L2_217_CHO_H_H-HCB_A-AA,0.51114,3290.45,1.14557,21.01744,2.579
T3_301_NH2_CHO_H_H-L2_213_CHO_H_H-HCB_A-AA,0.49652,3290.91,1.08401,19.26408,1.773
T3_301_NH2_COOH_H_H-L2_214_CHO_H_H-HCB_A-AA,0.42532,3136.17,0.782188,14.64037,1.218
T3_301_NH2_COOH_H_H-L2_211_CHO_H_H-HCB_A-AA,0.3395,2473.2,0.493503,12.19508,1.539
T3_301_NH2_NO_H_H-L2_206_CHO_H_H-HCB_A-AA,0.4672,2152.25,0.71902,18.46437,1.427
T3_301_NH2_CHO_H_H-L2_212_CHO_H_H-HCB_A-AA,0.47992,3118.57,0.984345,20.80982,2.172
T3_301_NH2_EPO_H_H-L2_206_CHO_H_H-HCB_A-AA,0.49698,3852.53,1.07696,18.59012,2.032
T3_301_NH2_OH_H_H-L2_210_CHO_H_H-HCB_A-AA,0.41182,2360.9,0.642849,15.26686,1.138
T3_301_NH2_CH3_H_H-L2_203_CHO_H_H-HCB_A-AA,0.57356,4615.76,1.62378,22.49697,2.378
T3_301_NH2_CH3_H_H-L2_202_CHO_H_H-HCB_A-AA,0.462,4387.96,1.08077,16.16938,1.718
T3_301_NH2_NO2_H_H-L2_217_CHO_H_H-HCB_A-AA,0.51378,3286.38,1.15019,21.01838,2.569
T3_301_NH2_I_H_H-L2_205_CHO_H_H-HCB_A-AA,0.4342,1868.33,0.562684,18.22096,1.594
T3_301_NH2_NH2_H_H-L2_208_CHO_H_H-HCB_A-AA,0.52774,2647.08,1.06145,22.21663,1.704
T3_301_NH2_Br_H_H-L2_213_CHO_H_H-HCB_A-AA,0.47262,2064.59,0.719441,19.08362,1.404
T3_301_NH2_Cl_H_H-L2_208_CHO_H_H-HCB_A-AA,0.5243,2527.25,1.00527,22.21663,1.598
T3_301_NH2_F_H_H-L2_215_CHO_H_H-HCB_A-AA,0.42318,2327.46,0.652706,15.2669,0.969
T3_301_NH2_Br_H_H-L2_204_CHO-HCB_A-AA,0.29096,1884.27,0.306802,9.2062,0.64
T3_301_NH2_OH_H_H-L2_209_CHO_H_H-HCB_A-AA,0.47604,2331.26,0.815743,20.56711,2.053
T3_301_NH2_CH3_H_H-L2_204_CHO-HCB_A-AA,0.36356,4974.92,0.760208,10.51519,0.916
T3_301_NH2_F_H_H-L2_210_CHO_H_H-HCB_A-AA,0.41486,2341.89,0.643145,15.26686,1.136
T3_301_NH2_H_H_H-L2_216_CHO_H_H-HCB_A-AA,0.4263,2633.03,0.700802,15.26686,1.224
T3_301_NH2_Br_H_H-L2_208_CHO_H_H-HCB_A-AA,0.52154,2260.83,0.903414,22.21663,1.68
T3_301_NH2_OMe_H_H-L2_216_CHO_H_H-HCB_A-AA,0.44448,4099.84,0.936098,15.01392,1.495
T3_301_NH2_OCOCH3_H_H-L2_214_CHO_H_H-HCB_A-AA,0.47264,6016.68,1.04245,13.79938,2.543
T3_301_NH2_Br_H_H-L2_203_CHO_H_H-HCB_A-AA,0.53018,2305.25,0.900884,22.21663,1.858
T3_301_NH2_H_H_H-L2_211_CHO_H_H-HCB_A-AA,0.33316,1992.47,0.418766,11.90783,1.382
T3_301_NH2_NH2_H_H-L2_202_CHO_H_H-HCB_A-AA,0.41762,2444.89,0.678068,15.79061,1.197
T3_301_NH2_CHO_H_H-L2_216_CHO_H_H-HCB_A-AA,0.42708,3200.42,0.804175,15.48635,1.207
T3_301_NH2_CHS_H_H-L2_213_CHO_H_H-HCB_A-AA,0.49276,3168.89,1.03159,19.26408,1.781
T3_301_NH2_OMe_H_H-L2_201_CHO_H_H-HCB_A-AA,0.55928,3813.85,1.35557,22.51766,2.316
T3_301_NH2_SH_H_H-L2_210_CHO_H_H-HCB_A-AA,0.40766,2203.27,0.602708,15.26686,1.189
T3_301_NH2_CH3_H_H-L2_211_CHO_H_H-HCB_A-AA,0.3703,3520.77,0.643051,12.34789,1.737
T3_301_NH2_I_H_H-L2_211_CHO_H_H-HCB_A-AA,0.31118,1355.19,0.289251,11.90783,1.326
T3_301_NH2_CN_H_H-L2_217_CHO_H_H-HCB_A-AA,0.4887,2369.53,0.87922,20.82472,2.208
T3_301_NH2_OH_H_H-L2_216_CHO_H_H-HCB_A-AA,0.4162,2436.02,0.646358,15.26686,1.069
T3_301_NH2_OMe_H_H-L2_204_CHO-HCB_A-AA,0.33368,4655.37,0.631594,8.99474,0.976
T3_301_NH2_NO_H_H-L2_213_CHO_H_H-HCB_A-AA,0.47668,2340.1,0.821946,19.08362,1.448
T3_301_NH2_NO_H_H-L2_207_CHO_H_H-HCB_A-AA,0.52556,2511.53,1.00637,22.21663,1.587
T3_301_NH2_CH3_H_H-L2_210_CHO_H_H-HCB_A-AA,0.4528,4354.89,1.02185,15.65676,1.702
T3_301_NH2_OH_H_H-L2_213_CHO_H_H-HCB_A-AA,0.48056,2436.11,0.858319,19.08362,1.538
T3_301_NH2_H_H_H-L2_209_CHO_H_H-HCB_A-AA,0.48144,2443.83,0.853909,20.56711,2.281
T3_301_NH2_COOH_H_H-L2_209_CHO_H_H-HCB_A-AA,0.49208,3105.16,1.03395,20.76199,2.32
T3_301_NH2_CN_H_H-L2_212_CHO_H_H-HCB_A-AA,0.45688,2183.02,0.746604,20.64158,2.001
T3_301_NH2_SH_H_H-L2_215_CHO_H_H-HCB_A-AA,0.41606,2198.27,0.612141,15.2669,1.054
T3_301_NH2_CH3_H_H-L2_206_CHO_H_H-HCB_A-AA,0.50868,4088.85,1.1686,18.76724,1.98
T3_301_NH2_I_H_H-L2_202_CHO_H_H-HCB_A-AA,0.39594,1706.61,0.462959,14.7031,1.125
T3_301_NH2_Cl_H_H-L2_216_CHO_H_H-HCB_A-AA,0.4072,2272.98,0.594474,15.26686,1.065
T3_301_NH2_NO2_H_H-L2_214_CHO_H_H-HCB_A-AA,0.43356,3063.01,0.79566,15.52149,1.215
T3_301_NH2_Br_H_H-L2_206_CHO_H_H-HCB_A-AA,0.46148,1903.38,0.630109,18.47056,1.349
T3_301_NH2_H_H_H-L2_215_CHO_H_H-HCB_A-AA,0.42928,2539.26,0.705701,15.2669,1.14
T3_301_NH2_Br_H_H-L2_205_CHO_H_H-HCB_A-AA,0.44154,2089.55,0.635578,18.22096,1.663
T3_301_NH2_SH_H_H-L2_205_CHO_H_H-HCB_A-AA,0.44756,2322.62,0.72417,18.22096,1.755
T3_301_NH2_CHS_H_H-L2_209_CHO_H_H-HCB_A-AA,0.48998,2997.07,1.00082,20.73589,2.48
T3_301_NH2_NO_H_H-L2_203_CHO_H_H-HCB_A-AA,0.53502,2563.42,1.01728,22.21663,1.925
T3_301_NH2_COOH_H_H-L2_204_CHO-HCB_A-AA,0.30562,3415.88,0.491521,8.76847,0.734
T3_301_NH2_NH2_H_H-L2_216_CHO_H_H-HCB_A-AA,0.41376,2344.76,0.644762,15.26686,1.124
T3_301_NH2_COOH_H_H-L2_206_CHO_H_H-HCB_A-AA,0.48102,3052.63,0.926112,18.49058,1.573
T3_301_NH2_NH2_H_H-L2_207_CHO_H_H-HCB_A-AA,0.52784,2608.91,1.04586,22.21663,1.627
T3_301_NH2_NH2_H_H-L2_204_CHO-HCB_A-AA,0.31292,2682.72,0.45309,10.50179,0.619
T3_301_NH2_H_H_H-L2_212_CHO_H_H-HCB_A-AA,0.47116,2433.25,0.811309,20.64158,2.44
T3_301_NH2_EPO_H_H-L2_209_CHO_H_H-HCB_A-AA,0.50948,3900.83,1.20381,20.88299,2.95
T3_301_NH2_SH_H_H-L2_204_CHO-HCB_A-AA,0.30958,2385.78,0.407649,10.08851,0.733
T3_301_NH2_CN_H_H-L2_204_CHO-HCB_A-AA,0.27946,2556.82,0.382319,8.67162,0.565
T3_301_NH2_CN_H_H-L2_203_CHO_H_H-HCB_A-AA,0.52722,2607.76,1.01207,22.21663,1.78
T3_301_NH2_EPO_H_H-L2_214_CHO_H_H-HCB_A-AA,0.44594,3971.25,0.924345,14.82854,1.574
T3_301_NH2_CHS_H_H-L2_201_CHO_H_H-HCB_A-AA,0.54436,2887.29,1.1379,22.40536,2.072
T3_301_NH2_NH2_H_H-L2_203_CHO_H_H-HCB_A-AA,0.53658,2641.79,1.05543,22.21663,1.77
T3_301_NH2_OH_H_H-L2_217_CHO_H_H-HCB_A-AA,0.49738,2464.07,0.91331,20.82472,2.356
T3_301_NH2_NO2_H_H-L2_208_CHO_H_H-HCB_A-AA,0.5462,3538.51,1.3279,22.39933,1.921
T3_301_NH2_CH3_H_H-L2_207_CHO_H_H-HCB_A-AA,0.56626,4685.04,1.6149,22.49697,2.305
T3_301_NH2_SO2H_H_H-L2_216_CHO_H_H-HCB_A-AA,0.41124,3009.05,0.711332,13.87389,1.245
T3_301_NH2_CHO_H_H-L2_208_CHO_H_H-HCB_A-AA,0.54336,3568.41,1.33629,22.37408,1.905
T3_301_NH2_EPO_H_H-L2_205_CHO_H_H-HCB_A-AA,0.4806,4118.76,1.10222,18.55352,2.461
T3_301_NH2_NO_H_H-L2_209_CHO_H_H-HCB_A-AA,0.47326,2229.2,0.789267,20.56711,2.071
T3_303_NH2_CHS_H_H-L2_203_CHO_H_H-HCB_A-AA,0.62564,3104.36,1.64692,29.7107,2.591
T3_303_NH2_CN_H_H-L2_217_CHO_H_H-HCB_A-AA,0.58492,2293.9,1.20226,28.16151,2.689
T3_303_NH2_Cl_H_H-L2_217_CHO_H_H-HCB_A-AA,0.58886,2220.04,1.19203,28.16151,2.604
T3_303_NH2_NO2_H_H-L2_217_CHO_H_H-HCB_A-AA,0.60438,3126.74,1.56419,28.3086,3.002
T3_303_NH2_NO2_H_H-L2_208_CHO_H_H-HCB_A-AA,0.62504,3322.01,1.71685,29.73015,2.708
T3_303_NH2_OMe_H_H-L2_205_CHO_H_H-HCB_A-AA,0.58658,3846.69,1.56174,25.69276,2.936
T3_303_NH2_CN_H_H-L2_215_CHO_H_H-HCB_A-AA,0.5252,2178.56,0.908137,21.74509,1.531
T3_303_NH2_F_H_H-L2_204_CHO-HCB_A-AA,0.47342,2199.02,0.728273,17.95221,1.069
T3_303_NH2_CHS_H_H-L2_206_CHO_H_H-HCB_A-AA,0.58006,2831.77,1.28514,25.83089,2.418
T3_303_NH2_I_H_H-L2_210_CHO_H_H-HCB_A-AA,0.51642,1762.48,0.736117,21.43655,1.641
T3_303_NH2_CN_H_H-L2_209_CHO_H_H-HCB_A-AA,0.5718,2202.88,1.11919,27.92707,2.526
T3_303_NH2_OCOCH3_H_H-L2_215_CHO_H_H-HCB_A-AA,0.58396,5915.24,1.53681,20.89364,3.111
T3_303_NH2_CN_H_H-L2_214_CHO_H_H-HCB_A-AA,0.5253,2158.91,0.90831,21.75087,1.51
T3_303_NH2_CN_H_H-L2_205_CHO_H_H-HCB_A-AA,0.55096,2308.16,1.04219,25.45503,2.089
T3_303_NH2_OH_H_H-L2_209_CHO_H_H-HCB_A-AA,0.57922,2206.69,1.14965,27.92707,2.62
T3_303_NH2_NH2_H_H-L2_204_CHO-HCB_A-AA,0.46584,2229.74,0.722893,17.41509,1.01
T3_303_NH2_NH2_H_H-L2_212_CHO_H_H-HCB_A-AA,0.57086,2184.9,1.1101,27.97925,2.493
T3_303_NH2_NO_H_H-L2_206_CHO_H_H-HCB_A-AA,0.57038,2090.6,1.02761,25.80354,1.93
T3_303_NH2_CHO_H_H-L2_205_CHO_H_H-HCB_A-AA,0.57176,3107.78,1.35821,25.59413,2.51
T3_303_NH2_CN_H_H-L2_201_CHO_H_H-HCB_A-AA,0.60916,2154.76,1.21339,29.62455,2.356
T3_303_NH2_Cl_H_H-L2_211_CHO_H_H-HCB_A-AA,0.4782,1805.96,0.688741,19.16605,1.782
T3_303_NH2_SH_H_H-L2_208_CHO_H_H-HCB_A-AA,0.61072,2372.89,1.31892,29.58964,2.247
T3_303_NH2_NH2_H_H-L2_206_CHO_H_H-HCB_A-AA,0.57088,2089.36,1.05482,25.80354,1.947
T3_303_NH2_Br_H_H-L2_215_CHO_H_H-HCB_A-AA,0.52814,1891.26,0.818666,22.42193,1.553
T3_303_NH2_OH_H_H-L2_214_CHO_H_H-HCB_A-AA,0.53758,2145.88,0.94785,22.58025,1.612
T3_303_NH2_OH_H_H-L2_217_CHO_H_H-HCB_A-AA,0.59266,2301.09,1.23632,28.16151,2.918
T3_303_NH2_COOH_H_H-L2_203_CHO_H_H-HCB_A-AA,0.62806,3303.32,1.70068,29.72946,2.913
T3_303_NH2_OH_H_H-L2_210_CHO_H_H-HCB_A-AA,0.53286,2195.72,0.942581,22.58019,1.744
T3_303_NH2_H_H_H-L2_216_CHO_H_H-HCB_A-AA,0.54332,2288.65,0.992682,22.58019,1.739
T3_303_NH2_CH3_H_H-L2_201_CHO_H_H-HCB_A-AA,0.6427,3757.02,1.87046,29.84009,3.211
T3_303_NH2_Cl_H_H-L2_206_CHO_H_H-HCB_A-AA,0.56864,2069.47,1.01462,25.80354,2.01
T3_303_NH2_I_H_H-L2_201_CHO_H_H-HCB_A-AA,0.60668,1826.71,1.04274,29.62455,2.367
T3_303_NH2_I_H_H-L2_217_CHO_H_H-HCB_A-AA,0.5819,1951.72,1.02721,28.16151,2.648
T3_303_NH2_EPO_H_H-L2_215_CHO_H_H-HCB_A-AA,0.55828,3769.17,1.35497,21.37619,2.219
T3_303_NH2_Br_H_H-L2_204_CHO-HCB_A-AA,0.4546,1887.9,0.593718,16.21996,1.042
T3_303_NH2_SO2H_H_H-L2_208_CHO_H_H-HCB_A-AA,0.61888,3265.09,1.64548,29.38334,2.761
T3_303_NH2_NO_H_H-L2_203_CHO_H_H-HCB_A-AA,0.61678,2369.16,1.31869,29.58964,2.433
T3_303_NH2_NO2_H_H-L2_213_CHO_H_H-HCB_A-AA,0.59234,3080.49,1.4671,26.58176,2.476
T3_303_NH2_Cl_H_H-L2_209_CHO_H_H-HCB_A-AA,0.57548,2148.05,1.11027,27.92707,2.603
T3_303_NH2_Cl_H_H-L2_214_CHO_H_H-HCB_A-AA,0.53196,2080.34,0.901593,22.58025,1.525
T3_303_NH2_CH3_H_H-L2_203_CHO_H_H-HCB_A-AA,0.64734,4149.41,2.03913,29.80542,3.424
T3_303_NH2_OMe_H_H-L2_203_CHO_H_H-HCB_A-AA,0.64292,3972.27,1.94937,29.79664,3.301
T3_303_NH2_CHS_H_H-L2_204_CHO-HCB_A-AA,0.46724,2880.7,0.843411,15.91966,1.307
T3_303_NH2_SH_H_H-L2_216_CHO_H_H-HCB_A-AA,0.5325,2107.54,0.907042,22.58019,1.73
T3_303_NH2_SO2H_H_H-L2_207_CHO_H_H-HCB_A-AA,0.61978,3260.12,1.63195,29.38334,2.496
T3_303_NH2_H_H_H-L2_208_CHO_H_H-HCB_A-AA,0.61764,2526.74,1.41167,29.58964,2.362
T3_303_NH2_Cl_H_H-L2_213_CHO_H_H-HCB_A-AA,0.57566,2178.19,1.11768,26.42579,2.048
T3_303_NH2_SO2H_H_H-L2_215_CHO_H_H-HCB_A-AA,0.53764,2910.87,1.11421,21.20999,1.761
T3_303_NH2_Br_H_H-L2_201_CHO_H_H-HCB_A-AA,0.6109,1951.52,1.12165,29.62455,2.237
T3_303_NH2_SO2H_H_H-L2_209_CHO_H_H-HCB_A-AA,0.58668,3014.54,1.40694,28.07458,3.155
T3_303_NH2_EPO_H_H-L2_213_CHO_H_H-HCB_A-AA,0.6018,3860.33,1.67673,26.16224,2.981
T3_303_NH2_COOH_H_H-L2_205_CHO_H_H-HCB_A-AA,0.57046,3176.67,1.35382,25.61567,2.539
T3_303_NH2_CN_H_H-L2_216_CHO_H_H-HCB_A-AA,0.52304,2221.85,0.904402,21.7126,1.546
T3_303_NH2_COOH_H_H-L2_211_CHO_H_H-HCB_A-AA,0.49194,2613.5,0.904832,19.36089,2.081
T3_303_NH2_CHO_H_H-L2_209_CHO_H_H-HCB_A-AA,0.5902,2998.4,1.45209,28.05479,3.03
T3_303_NH2_CN_H_H-L2_211_CHO_H_H-HCB_A-AA,0.47234,1841.49,0.691957,19.16605,1.743
T3_303_NH2_H_H_H-L2_211_CHO_H_H-HCB_A-AA,0.48854,1970.64,0.749739,19.16605,1.801
T3_303_NH2_F_H_H-L2_215_CHO_H_H-HCB_A-AA,0.5394,2163.95,0.946938,22.58023,1.534
T3_303_NH2_F_H_H-L2_213_CHO_H_H-HCB_A-AA,0.5806,2261.04,1.16207,26.42579,1.974
T3_303_NH2_OCOCH3_H_H-L2_207_CHO_H_H-HCB_A-AA,0.65976,6356.47,2.20115,28.91244,4.44
T3_303_NH2_EPO_H_H-L2_217_CHO_H_H-HCB_A-AA,0.61382,3954.28,1.78598,28.39904,3.6
T3_303_NH2_NO_H_H-L2_205_CHO_H_H-HCB_A-AA,0.55822,2246.36,1.04816,25.45503,2.157
T3_303_NH2_OMe_H_H-L2_207_CHO_H_H-HCB_A-AA,0.6378,4047.51,1.94359,29.79664,3.303
T3_303_NH2_Br_H_H-L2_209_CHO_H_H-HCB_A-AA,0.57336,1994.12,1.0363,27.92707,2.66
T3_303_NH2_H_H_H-L2_209_CHO_H_H-HCB_A-AA,0.58388,2284.28,1.18858,27.92707,2.701
T3_303_NH2_EPO_H_H-L2_210_CHO_H_H-HCB_A-AA,0.55438,3824.16,1.34964,21.30979,2.39
T3_303_NH2_Br_H_H-L2_210_CHO_H_H-HCB_A-AA,0.52348,1908.49,0.81376,22.42193,1.718
T3_303_NH2_OCOCH3_H_H-L2_205_CHO_H_H-HCB_A-AA,0.61036,6135.7,1.7729,24.80081,4.339
T3_303_NH2_H_H_H-L2_201_CHO_H_H-HCB_A-AA,0.62142,2248.36,1.28858,29.62455,2.329
T3_303_NH2_OCOCH3_H_H-L2_213_CHO_H_H-HCB_A-AA,0.6251,6174.37,1.89654,25.67133,4.418
T3_303_NH2_F_H_H-L2_202_CHO_H_H-HCB_A-AA,0.53858,2217.92,0.973767,23.11046,1.628
T3_303_NH2_EPO_H_H-L2_208_CHO_H_H-HCB_A-AA,0.63512,4100.95,1.96186,29.38357,3.662
T3_303_NH2_OH_H_H-L2_208_CHO_H_H-HCB_A-AA,0.61262,2442.99,1.3606,29.58964,2.384
T3_303_NH2_CHS_H_H-L2_209_CHO_H_H-HCB_A-AA,0.58798,2907.69,1.41188,28.05479,3.097
T3_303_NH2_OMe_H_H-L2_208_CHO_H_H-HCB_A-AA,0.6367,4015.55,1.96028,29.79664,3.222
T3_303_NH2_I_H_H-L2_205_CHO_H_H-HCB_A-AA,0.54726,1922.77,0.871897,25.45503,2.092
T3_303_NH2_NH2_H_H-L2_203_CHO_H_H-HCB_A-AA,0.61696,2374.05,1.35123,29.58964,2.382
T3_303_NH2_CHO_H_H-L2_207_CHO_H_H-HCB_A-AA,0.62348,3287.44,1.69471,29.7107,2.656
T3_303_NH2_Cl_H_H-L2_203_CHO_H_H-HCB_A-AA,0.61532,2340.02,1.30349,29.58964,2.464
T3_303_NH2_CHO_H_H-L2_213_CHO_H_H-HCB_A-AA,0.59066,3021.3,1.46536,26.56019,2.503
T3_303_NH2_CHO_H_H-L2_215_CHO_H_H-HCB_A-AA,0.5469,2923.08,1.18656,22.501,1.707
T3_303_NH2_NO2_H_H-L2_212_CHO_H_H-HCB_A-AA,0.58522,3003.84,1.41425,28.12723,2.864
T3_303_NH2_I_H_H-L2_203_CHO_H_H-HCB_A-AA,0.60834,2021.61,1.11654,29.58964,2.353
T3_303_NH2_CN_H_H-L2_213_CHO_H_H-HCB_A-AA,0.57068,2224.57,1.12737,26.42579,2.109
T3_303_NH2_CH3_H_H-L2_202_CHO_H_H-HCB_A-AA,0.56966,3996.44,1.49176,23.38099,2.328
T3_303_NH2_EPO_H_H-L2_211_CHO_H_H-HCB_A-AA,0.50968,3330.43,1.05369,19.48065,2.66
T3_303_NH2_CHO_H_H-L2_208_CHO_H_H-HCB_A-AA,0.62284,3287.22,1.71052,29.7107,2.545
T3_303_NH2_I_H_H-L2_213_CHO_H_H-HCB_A-AA,0.56788,1873.01,0.945285,26.40979,1.986
T3_303_NH2_OMe_H_H-L2_204_CHO-HCB_A-AA,0.4919,3780.47,1.03849,16.14094,1.593
T3_303_NH2_Br_H_H-L2_206_CHO_H_H-HCB_A-AA,0.56586,1916.49,0.936164,25.80354,1.936
T3_303_NH2_Br_H_H-L2_207_CHO_H_H-HCB_A-AA,0.60706,2159.16,1.20189,29.58964,2.261
T3_303_NH2_OCOCH3_H_H-L2_208_CHO_H_H-HCB_A-AA,0.658,6373.44,2.21691,28.91244,4.727
T3_303_NH2_SH_H_H-L2_210_CHO_H_H-HCB_A-AA,0.52986,2098.26,0.905378,22.58019,1.815
T3_303_NH2_COOH_H_H-L2_216_CHO_H_H-HCB_A-AA,0.54182,3074.11,1.16926,21.92246,1.809
T3_303_NH2_CHS_H_H-L2_212_CHO_H_H-HCB_A-AA,0.58032,2851.04,1.36397,28.10676,2.999
T3_303_NH2_SH_H_H-L2_205_CHO_H_H-HCB_A-AA,0.55816,2196.38,1.04216,25.45503,2.423
T3_303_NH2_SO2H_H_H-L2_216_CHO_H_H-HCB_A-AA,0.53564,2958.88,1.11007,21.16154,1.838
T3_303_NH2_COOH_H_H-L2_217_CHO_H_H-HCB_A-AA,0.60182,3142.02,1.55845,28.30788,3.18
T3_303_NH2_CHS_H_H-L2_215_CHO_H_H-HCB_A-AA,0.5427,2775.07,1.13849,21.97321,1.921
T3_303_NH2_NO_H_H-L2_201_CHO_H_H-HCB_A-AA,0.61428,2125.69,1.21595,29.62455,2.352
T3_303_NH2_SH_H_H-L2_206_CHO_H_H-HCB_A-AA,0.5705,2024.36,1.02224,25.80354,2.075
T3_303_NH2_SO2H_H_H-L2_210_CHO_H_H-HCB_A-AA,0.53348,2969.49,1.10884,21.16154,1.939
T3_303_NH2_CH3_H_H-L2_213_CHO_H_H-HCB_A-AA,0.6088,3937.71,1.76263,26.66525,2.875
T3_303_NH2_Br_H_H-L2_203_CHO_H_H-HCB_A-AA,0.61296,2163.05,1.20796,29.58964,2.492
T3_303_NH2_CH3_H_H-L2_205_CHO_H_H-HCB_A-AA,0.59248,4005.83,1.64262,25.70283,2.88
T3_303_NH2_SH_H_H-L2_211_CHO_H_H-HCB_A-AA,0.48034,1765.16,0.694774,19.16605,1.879
T3_303_NH2_SH_H_H-L2_207_CHO_H_H-HCB_A-AA,0.61086,2358.56,1.30578,29.58964,2.467
T3_303_NH2_NO_H_H-L2_204_CHO-HCB_A-AA,0.46422,2136.66,0.691878,16.94296,1.085
T3_303_NH2_EPO_H_H-L2_203_CHO_H_H-HCB_A-AA,0.6404,4086.06,1.94873,29.38357,3.503
T3_303_NH2_OCOCH3_H_H-L2_201_CHO_H_H-HCB_A-AA,0.6589,5795.79,2.03318,29.04314,4.279
T3_303_NH2_F_H_H-L2_210_CHO_H_H-HCB_A-AA,0.53478,2180.68,0.941865,22.58019,1.694
T3_303_NH2_OCOCH3_H_H-L2_203_CHO_H_H-HCB_A-AA,0.66428,6263.15,2.20562,28.91244,4.344
T3_303_NH2_NH2_H_H-L2_215_CHO_H_H-HCB_A-AA,0.53546,2098.54,0.946147,22.58023,1.621
T3_303_NH2_CHS_H_H-L2_201_CHO_H_H-HCB_A-AA,0.62306,2782.07,1.52155,29.74548,2.711
T3_303_NH2_F_H_H-L2_208_CHO_H_H-HCB_A-AA,0.61402,2424.12,1.35892,29.58964,2.246
T3_303_NH2_SO2H_H_H-L2_206_CHO_H_H-HCB_A-AA,0.57654,2874.04,1.26974,25.08602,2.417
T3_303_NH2_CHS_H_H-L2_210_CHO_H_H-HCB_A-AA,0.53826,2827.47,1.13263,21.96119,1.941
T3_303_NH2_OH_H_H-L2_207_CHO_H_H-HCB_A-AA,0.61276,2409.67,1.34665,29.58964,2.33
T3_303_NH2_CN_H_H-L2_208_CHO_H_H-HCB_A-AA,0.60506,2432.22,1.32274,29.58964,2.12
T3_303_NH2_I_H_H-L2_202_CHO_H_H-HCB_A-AA,0.52092,1797.43,0.761794,21.82797,1.611
T3_303_NH2_I_H_H-L2_214_CHO_H_H-HCB_A-AA,0.52122,1744.31,0.741019,21.49474,1.526
T3_303_NH2_OMe_H_H-L2_214_CHO_H_H-HCB_A-AA,0.56176,3753.57,1.36526,22.45473,2.168
T3_303_NH2_OH_H_H-L2_216_CHO_H_H-HCB_A-AA,0.5356,2188.57,0.944359,22.58019,1.607
T3_303_NH2_CN_H_H-L2_210_CHO_H_H-HCB_A-AA,0.52054,2213.45,0.902947,21.7126,1.59
T3_303_NH2_CN_H_H-L2_204_CHO-HCB_A-AA,0.44988,2232.58,0.678158,15.60233,1.039
T3_303_NH2_Cl_H_H-L2_215_CHO_H_H-HCB_A-AA,0.53186,2083.28,0.901423,22.58023,1.656
T3_303_NH2_EPO_H_H-L2_209_CHO_H_H-HCB_A-AA,0.6037,3788.0,1.67518,28.16644,3.874
T3_303_NH2_NO_H_H-L2_209_CHO_H_H-HCB_A-AA,0.5768,2159.57,1.12209,27.92707,2.557
T3_303_NH2_H_H_H-L2_207_CHO_H_H-HCB_A-AA,0.61778,2502.62,1.39678,29.58964,2.245
T3_303_NH2_OMe_H_H-L2_217_CHO_H_H-HCB_A-AA,0.6165,3824.47,1.78559,28.37819,3.59
T3_303_NH2_NO2_H_H-L2_211_CHO_H_H-HCB_A-AA,0.49712,2605.17,0.913688,19.36185,2.107
T3_303_NH2_F_H_H-L2_206_CHO_H_H-HCB_A-AA,0.57456,2138.41,1.05587,25.80354,2.038
T3_303_NH2_SH_H_H-L2_203_CHO_H_H-HCB_A-AA,0.6169,2300.7,1.3121,29.58964,2.643
T3_303_NH2_H_H_H-L2_204_CHO-HCB_A-AA,0.48322,2382.62,0.784568,18.70892,1.126
T3_303_NH2_NO_H_H-L2_216_CHO_H_H-HCB_A-AA,0.53152,2147.21,0.911275,22.58019,1.685
T3_303_NH2_CH3_H_H-L2_215_CHO_H_H-HCB_A-AA,0.56878,3932.22,1.44613,22.85649,2.115
T3_303_NH2_NO_H_H-L2_202_CHO_H_H-HCB_A-AA,0.53282,2153.44,0.940673,23.11046,1.547
T3_303_NH2_OH_H_H-L2_204_CHO-HCB_A-AA,0.47008,2269.03,0.727364,17.67955,1.092
T3_303_NH2_CHO_H_H-L2_217_CHO_H_H-HCB_A-AA,0.60214,3093.21,1.55532,28.28825,3.109
T3_303_NH2_COOH_H_H-L2_204_CHO-HCB_A-AA,0.46868,3078.05,0.870322,15.71797,1.21
T3_303_NH2_NO_H_H-L2_208_CHO_H_H-HCB_A-AA,0.61042,2368.82,1.32526,29.58964,2.3
T3_303_NH2_CH3_H_H-L2_209_CHO_H_H-HCB_A-AA,0.60922,3866.05,1.74151,28.15467,3.709
T3_303_NH2_CHS_H_H-L2_205_CHO_H_H-HCB_A-AA,0.56836,3004.58,1.31124,25.59413,2.564
T3_303_NH2_I_H_H-L2_211_CHO_H_H-HCB_A-AA,0.46918,1543.72,0.580905,19.16605,1.876
T3_303_NH2_CHS_H_H-L2_207_CHO_H_H-HCB_A-AA,0.62118,3187.05,1.64323,29.7107,2.728
T3_303_NH2_NO2_H_H-L2_203_CHO_H_H-HCB_A-AA,0.63052,3278.63,1.70625,29.73015,2.718
T3_303_NH2_SH_H_H-L2_215_CHO_H_H-HCB_A-AA,0.53452,2062.6,0.910482,22.58023,1.623
T3_303_NH2_OCOCH3_H_H-L2_210_CHO_H_H-HCB_A-AA,0.57978,5969.26,1.53035,20.79743,3.404
T3_303_NH2_NH2_H_H-L2_214_CHO_H_H-HCB_A-AA,0.53556,2112.27,0.946324,22.58025,1.648
T3_303_NH2_I_H_H-L2_209_CHO_H_H-HCB_A-AA,0.56906,1874.19,0.964134,27.92707,2.475
T3_303_NH2_SO2H_H_H-L2_204_CHO-HCB_A-AA,0.45888,2925.47,0.808135,14.98663,1.295
T3_303_NH2_SO2H_H_H-L2_212_CHO_H_H-HCB_A-AA,0.57896,2963.63,1.35953,28.12651,3.02
T3_303_NH2_Cl_H_H-L2_210_CHO_H_H-HCB_A-AA,0.5272,2094.43,0.896316,22.58019,1.738
T3_303_NH2_Br_H_H-L2_213_CHO_H_H-HCB_A-AA,0.57334,2014.69,1.02988,26.42579,2.029
T3_303_NH2_CH3_H_H-L2_211_CHO_H_H-HCB_A-AA,0.51686,3470.77,1.10927,19.46747,2.427
T3_303_NH2_OCOCH3_H_H-L2_217_CHO_H_H-HCB_A-AA,0.63922,6281.74,2.03191,28.51314,5.173
T3_303_NH2_NO_H_H-L2_210_CHO_H_H-HCB_A-AA,0.52878,2131.1,0.909442,22.58019,1.741
T3_303_NH2_F_H_H-L2_203_CHO_H_H-HCB_A-AA,0.62042,2390.06,1.3518,29.58964,2.373
T3_303_NH2_OH_H_H-L2_202_CHO_H_H-HCB_A-AA,0.53668,2230.61,0.974582,23.11046,1.679
T3_303_NH2_CHS_H_H-L2_202_CHO_H_H-HCB_A-AA,0.54342,2893.43,1.17367,22.34422,1.999
T3_303_NH2_OMe_H_H-L2_216_CHO_H_H-HCB_A-AA,0.56026,3818.06,1.36161,22.45301,2.308
T3_303_NH2_I_H_H-L2_208_CHO_H_H-HCB_A-AA,0.60258,2025.32,1.1206,29.58964,2.24
T3_303_NH2_CHO_H_H-L2_212_CHO_H_H-HCB_A-AA,0.58272,2953.0,1.40287,28.10676,2.974
T3_303_NH2_NO_H_H-L2_207_CHO_H_H-HCB_A-AA,0.61056,2332.61,1.31199,29.58964,2.316
T3_303_NH2_CHO_H_H-L2_214_CHO_H_H-HCB_A-AA,0.5468,2901.95,1.18634,22.50071,1.811
T3_303_NH2_H_H_H-L2_205_CHO_H_H-HCB_A-AA,0.56684,2337.89,1.12443,25.45503,2.22
T3_303_NH2_I_H_H-L2_206_CHO_H_H-HCB_A-AA,0.55964,1796.09,0.859705,25.38124,2.051
T3_303_NH2_NO2_H_H-L2_206_CHO_H_H-HCB_A-AA,0.58562,2935.86,1.3337,25.95779,2.327
T3_303_NH2_F_H_H-L2_217_CHO_H_H-HCB_A-AA,0.59398,2270.14,1.23501,28.16151,2.578
T3_303_NH2_F_H_H-L2_209_CHO_H_H-HCB_A-AA,0.5803,2205.5,1.14823,27.92707,2.683
T3_303_NH2_NH2_H_H-L2_202_CHO_H_H-HCB_A-AA,0.53496,2241.45,0.973566,23.11046,1.675
T3_303_NH2_Cl_H_H-L2_212_CHO_H_H-HCB_A-AA,0.56908,2133.21,1.07446,27.97925,2.503
T3_303_NH2_H_H_H-L2_212_CHO_H_H-HCB_A-AA,0.57794,2220.09,1.15049,27.97925,2.686
T3_303_NH2_F_H_H-L2_207_CHO_H_H-HCB_A-AA,0.61416,2385.09,1.34505,29.58964,2.193
T3_303_NH2_CHO_H_H-L2_202_CHO_H_H-HCB_A-AA,0.54744,3023.74,1.22307,22.88179,1.835
T3_303_NH2_CHS_H_H-L2_213_CHO_H_H-HCB_A-AA,0.58778,2959.8,1.41632,26.56019,2.398
T3_303_NH2_COOH_H_H-L2_209_CHO_H_H-HCB_A-AA,0.5904,3066.24,1.45831,28.07458,3.011
T3_303_NH2_CHO_H_H-L2_206_CHO_H_H-HCB_A-AA,0.58342,2869.17,1.32969,25.93695,2.352
T3_303_NH2_OH_H_H-L2_213_CHO_H_H-HCB_A-AA,0.57926,2263.75,1.16373,26.42579,2.036
T3_303_NH2_COOH_H_H-L2_213_CHO_H_H-HCB_A-AA,0.58896,3096.89,1.45985,26.581,2.41
T3_303_NH2_CN_H_H-L2_207_CHO_H_H-HCB_A-AA,0.6052,2396.8,1.3094,29.58964,2.136
T3_303_NH2_COOH_H_H-L2_210_CHO_H_H-HCB_A-AA,0.53968,3048.57,1.1682,21.92246,1.92
T3_303_NH2_CN_H_H-L2_203_CHO_H_H-HCB_A-AA,0.61124,2391.26,1.31578,29.58964,2.457
T3_303_NH2_COOH_H_H-L2_215_CHO_H_H-HCB_A-AA,0.54382,3035.63,1.17357,21.94859,1.894
T3_303_NH2_SO2H_H_H-L2_202_CHO_H_H-HCB_A-AA,0.5384,3032.15,1.14847,21.55325,2.01
T3_303_NH2_I_H_H-L2_216_CHO_H_H-HCB_A-AA,0.51878,1776.7,0.73755,21.43655,1.571
T3_303_NH2_CHS_H_H-L2_214_CHO_H_H-HCB_A-AA,0.5426,2783.97,1.13828,21.96833,1.854
T3_303_NH2_EPO_H_H-L2_214_CHO_H_H-HCB_A-AA,0.55876,3767.08,1.35613,21.3762,2.276
T3_303_NH2_NO2_H_H-L2_210_CHO_H_H-HCB_A-AA,0.54474,3003.27,1.17793,22.63579,1.909
T3_303_NH2_OH_H_H-L2_201_CHO_H_H-HCB_A-AA,0.61662,2169.18,1.24594,29.62455,2.35
T3_303_NH2_CHO_H_H-L2_211_CHO_H_H-HCB_A-AA,0.49482,2508.14,0.910438,19.33462,2.062
T3_303_NH2_OCOCH3_H_H-L2_211_CHO_H_H-HCB_A-AA,0.53422,5490.94,1.20327,19.63418,3.857
T3_303_NH2_EPO_H_H-L2_201_CHO_H_H-HCB_A-AA,0.63692,3635.15,1.79753,29.51551,3.394
T3_303_NH2_F_H_H-L2_201_CHO_H_H-HCB_A-AA,0.6178,2156.85,1.24436,29.62455,2.404
T3_303_NH2_COOH_H_H-L2_214_CHO_H_H-HCB_A-AA,0.54412,3013.04,1.17422,21.94859,1.804
T3_303_NH2_Br_H_H-L2_211_CHO_H_H-HCB_A-AA,0.47502,1664.8,0.633858,19.16605,1.75
T3_303_NH2_NO2_H_H-L2_216_CHO_H_H-HCB_A-AA,0.54694,3014.73,1.17908,22.63579,1.95
T3_303_NH2_NO_H_H-L2_217_CHO_H_H-HCB_A-AA,0.59038,2239.5,1.20565,28.16151,2.825
T3_303_NH2_NO2_H_H-L2_214_CHO_H_H-HCB_A-AA,0.54912,2955.94,1.18378,22.63728,1.755
T3_303_NH2_SH_H_H-L2_213_CHO_H_H-HCB_A-AA,0.57718,2183.65,1.12551,26.42579,2.203
T3_303_NH2_Br_H_H-L2_214_CHO_H_H-HCB_A-AA,0.52824,1892.75,0.818821,22.42359,1.612
T3_303_NH2_NO2_H_H-L2_207_CHO_H_H-HCB_A-AA,0.62588,3319.79,1.70202,29.73015,2.712
T3_303_NH2_SO2H_H_H-L2_214_CHO_H_H-HCB_A-AA,0.53794,2899.71,1.11484,21.20001,1.87
T3_303_NH2_NH2_H_H-L2_211_CHO_H_H-HCB_A-AA,0.48158,1829.4,0.718534,19.16605,1.731
T3_303_NH2_NH2_H_H-L2_207_CHO_H_H-HCB_A-AA,0.61106,2372.41,1.34523,29.58964,2.226
T3_303_NH2_CHS_H_H-L2_216_CHO_H_H-HCB_A-AA,0.54046,2820.17,1.13379,21.96119,1.898
T3_303_NH2_OMe_H_H-L2_213_CHO_H_H-HCB_A-AA,0.60256,3783.73,1.67549,26.65552,2.815
T3_303_NH2_OCOCH3_H_H-L2_209_CHO_H_H-HCB_A-AA,0.62782,6158.19,1.90579,28.2814,5.548
T3_303_NH2_I_H_H-L2_207_CHO_H_H-HCB_A-AA,0.60272,2017.99,1.11102,29.58964,2.263
T3_303_NH2_CHO_H_H-L2_203_CHO_H_H-HCB_A-AA,0.62812,3194.16,1.69873,29.7107,2.827
T3_303_NH2_NH2_H_H-L2_216_CHO_H_H-HCB_A-AA,0.5332,2131.7,0.942154,22.58019,1.69
T3_303_NH2_CH3_H_H-L2_207_CHO_H_H-HCB_A-AA,0.64262,4214.95,2.03475,29.80542,3.115
T3_303_NH2_H_H_H-L2_202_CHO_H_H-HCB_A-AA,0.54362,2349.29,1.0232,23.11046,1.712
T3_303_NH2_CHO_H_H-L2_210_CHO_H_H-HCB_A-AA,0.5425,2957.57,1.18074,22.50071,1.951
T3_303_NH2_NO2_H_H-L2_215_CHO_H_H-HCB_A-AA,0.54888,2959.86,1.18327,22.63372,1.778
T3_303_NH2_EPO_H_H-L2_212_CHO_H_H-HCB_A-AA,0.59544,3792.56,1.6172,28.21821,3.653
T3_303_NH2_CHO_H_H-L2_201_CHO_H_H-HCB_A-AA,0.6252,2858.3,1.56523,29.74548,2.731
T3_303_NH2_NH2_H_H-L2_201_CHO_H_H-HCB_A-AA,0.61506,2120.03,1.24474,29.62455,2.519
T3_303_NH2_COOH_H_H-L2_207_CHO_H_H-HCB_A-AA,0.62348,3366.75,1.69659,29.72946,2.681
T3_303_NH2_NO2_H_H-L2_202_CHO_H_H-HCB_A-AA,0.54996,3052.29,1.2206,23.06869,2.048
T3_303_NH2_I_H_H-L2_204_CHO-HCB_A-AA,0.4425,1704.12,0.517599,15.35093,1.07
T3_303_NH2_COOH_H_H-L2_206_CHO_H_H-HCB_A-AA,0.58164,2966.98,1.32559,25.85074,2.402
T3_303_NH2_COOH_H_H-L2_201_CHO_H_H-HCB_A-AA,0.62456,2952.02,1.56891,29.76422,2.741
T3_303_NH2_H_H_H-L2_213_CHO_H_H-HCB_A-AA,0.5846,2361.74,1.21093,26.42579,2.15
T3_303_NH2_F_H_H-L2_216_CHO_H_H-HCB_A-AA,0.53752,2210.74,0.943638,22.58019,1.644
T3_303_NH2_Br_H_H-L2_217_CHO_H_H-HCB_A-AA,0.58654,2078.08,1.10829,28.16151,2.795
T3_303_NH2_F_H_H-L2_211_CHO_H_H-HCB_A-AA,0.48434,1874.54,0.718698,19.16605,1.803
T3_303_NH2_SO2H_H_H-L2_213_CHO_H_H-HCB_A-AA,0.5841,3057.93,1.39767,26.113,2.353
T3_303_NH2_CH3_H_H-L2_212_CHO_H_H-HCB_A-AA,0.60218,3827.59,1.68388,28.20647,3.398
T3_303_NH2_SH_H_H-L2_209_CHO_H_H-HCB_A-AA,0.5772,2146.79,1.11762,27.92707,2.708
T3_303_NH2_OCOCH3_H_H-L2_206_CHO_H_H-HCB_A-AA,0.61896,5760.07,1.72788,24.66449,3.667
T3_303_NH2_Br_H_H-L2_208_CHO_H_H-HCB_A-AA,0.60692,2169.36,1.21306,29.58964,2.271
T3_303_NH2_NH2_H_H-L2_208_CHO_H_H-HCB_A-AA,0.61092,2411.68,1.35919,29.58964,2.204
T3_303_NH2_OMe_H_H-L2_201_CHO_H_H-HCB_A-AA,0.63792,3642.64,1.79102,29.83133,3.164
T3_303_NH2_NO2_H_H-L2_204_CHO-HCB_A-AA,0.4754,2997.29,0.881319,16.50176,1.186
T3_303_NH2_OMe_H_H-L2_209_CHO_H_H-HCB_A-AA,0.60482,3704.31,1.66888,28.14542,3.848
T3_303_NH2_COOH_H_H-L2_202_CHO_H_H-HCB_A-AA,0.54492,3110.78,1.21068,22.31068,1.899
T3_303_NH2_H_H_H-L2_214_CHO_H_H-HCB_A-AA,0.54496,2253.28,0.995678,22.58025,1.617
T3_303_NH2_NO_H_H-L2_215_CHO_H_H-HCB_A-AA,0.53342,2103.42,0.914533,22.58023,1.625
T3_303_NH2_SH_H_H-L2_204_CHO-HCB_A-AA,0.46514,2109.3,0.687283,17.16094,1.175
T3_303_NH2_OCOCH3_H_H-L2_212_CHO_H_H-HCB_A-AA,0.62254,6100.89,1.85023,28.33298,4.923
T3_303_NH2_CH3_H_H-L2_214_CHO_H_H-HCB_A-AA,0.56944,3909.36,1.44781,22.85651,2.15
T3_303_NH2_H_H_H-L2_206_CHO_H_H-HCB_A-AA,0.57914,2223.4,1.10029,25.80354,2.148
T3_303_NH2_OH_H_H-L2_212_CHO_H_H-HCB_A-AA,0.57288,2171.04,1.11234,27.97925,2.457
T3_303_NH2_Cl_H_H-L2_216_CHO_H_H-HCB_A-AA,0.52972,2129.25,0.897796,22.58019,1.629
T3_303_NH2_CH3_H_H-L2_208_CHO_H_H-HCB_A-AA,0.6414,4178.88,2.05246,29.80542,3.35
T3_303_NH2_NO2_H_H-L2_209_CHO_H_H-HCB_A-AA,0.59304,3034.11,1.46413,28.0753,3.109
T3_303_NH2_F_H_H-L2_214_CHO_H_H-HCB_A-AA,0.5395,2158.53,0.947114,22.58025,1.54
T3_303_NH2_SH_H_H-L2_202_CHO_H_H-HCB_A-AA,0.5342,2129.52,0.936961,23.11046,1.761
T3_303_NH2_EPO_H_H-L2_207_CHO_H_H-HCB_A-AA,0.63644,4144.84,1.94624,29.38357,3.458
T3_303_NH2_NO_H_H-L2_214_CHO_H_H-HCB_A-AA,0.53352,2101.91,0.914704,22.58025,1.509
T3_303_NH2_OH_H_H-L2_215_CHO_H_H-HCB_A-AA,0.53748,2129.5,0.947674,22.58023,1.608
T3_303_NH2_OCOCH3_H_H-L2_202_CHO_H_H-HCB_A-AA,0.58456,5987.39,1.58356,21.18694,3.594
T3_303_NH2_I_H_H-L2_212_CHO_H_H-HCB_A-AA,0.56212,1892.08,0.933545,27.97925,2.476
T3_303_NH2_NH2_H_H-L2_209_CHO_H_H-HCB_A-AA,0.5775,2190.49,1.148,27.92707,2.518
T3_303_NH2_NO_H_H-L2_213_CHO_H_H-HCB_A-AA,0.57674,2220.48,1.13099,26.42579,2.094
T3_303_NH2_SO2H_H_H-L2_201_CHO_H_H-HCB_A-AA,0.62088,2876.24,1.51325,29.51731,2.713
T3_303_NH2_CH3_H_H-L2_206_CHO_H_H-HCB_A-AA,0.60256,3857.7,1.60143,26.03729,2.753
T3_303_NH2_CN_H_H-L2_202_CHO_H_H-HCB_A-AA,0.52476,2218.89,0.934413,22.10354,1.666
T3_303_NH2_EPO_H_H-L2_202_CHO_H_H-HCB_A-AA,0.55968,3821.93,1.39852,21.69256,2.391
T3_303_NH2_COOH_H_H-L2_212_CHO_H_H-HCB_A-AA,0.58262,3024.76,1.40861,28.12651,2.916
T3_303_NH2_Cl_H_H-L2_208_CHO_H_H-HCB_A-AA,0.60916,2344.46,1.31019,29.58964,2.389
T3_303_NH2_OCOCH3_H_H-L2_204_CHO-HCB_A-AA,0.51266,5815.57,1.15068,14.97849,1.988
T3_303_NH2_H_H_H-L2_217_CHO_H_H-HCB_A-AA,0.59772,2357.37,1.28076,28.16151,2.842
T3_303_NH2_OMe_H_H-L2_211_CHO_H_H-HCB_A-AA,0.50808,3345.52,1.04785,19.45514,2.328
T3_303_NH2_Cl_H_H-L2_202_CHO_H_H-HCB_A-AA,0.53144,2119.52,0.927433,23.11046,1.689
T3_303_NH2_OMe_H_H-L2_206_CHO_H_H-HCB_A-AA,0.59626,3713.64,1.52331,26.02799,2.733
T3_303_NH2_CHS_H_H-L2_208_CHO_H_H-HCB_A-AA,0.62054,3188.92,1.65809,29.7107,2.843
T3_303_NH2_I_H_H-L2_215_CHO_H_H-HCB_A-AA,0.52112,1741.19,0.740877,21.48239,1.628
T3_303_NH2_NO_H_H-L2_211_CHO_H_H-HCB_A-AA,0.4786,1844.44,0.696086,19.16605,1.73
T3_303_NH2_CH3_H_H-L2_217_CHO_H_H-HCB_A-AA,0.62064,4002.42,1.86498,28.38737,3.63
T3_303_NH2_OH_H_H-L2_205_CHO_H_H-HCB_A-AA,0.56076,2249.21,1.07877,25.45503,2.07
T3_303_NH2_CH3_H_H-L2_204_CHO-HCB_A-AA,0.50292,4000.07,1.12381,17.49176,1.456
T3_303_NH2_SH_H_H-L2_217_CHO_H_H-HCB_A-AA,0.59048,2234.7,1.19989,28.16151,2.849
T3_303_NH2_Cl_H_H-L2_207_CHO_H_H-HCB_A-AA,0.6093,2314.67,1.29719,29.58964,2.239
T3_303_NH2_CHO_H_H-L2_216_CHO_H_H-HCB_A-AA,0.54474,2964.09,1.18187,22.50071,1.726
T3_303_NH2_CHS_H_H-L2_211_CHO_H_H-HCB_A-AA,0.49162,2454.51,0.879041,19.33462,2.126
T3_303_NH2_Cl_H_H-L2_204_CHO-HCB_A-AA,0.46022,2115.89,0.675506,16.70759,1.071
T3_303_NH2_OMe_H_H-L2_212_CHO_H_H-HCB_A-AA,0.59792,3693.81,1.61444,28.19723,3.477
T3_303_NH2_NO2_H_H-L2_201_CHO_H_H-HCB_A-AA,0.62714,2941.86,1.57459,29.76491,2.858
T3_303_NH2_CHO_H_H-L2_204_CHO-HCB_A-AA,0.47428,3018.14,0.895147,16.40421,1.243
T3_303_NH2_Cl_H_H-L2_205_CHO_H_H-HCB_A-AA,0.55628,2201.34,1.03414,25.45503,2.126
T3_303_NH2_NH2_H_H-L2_213_CHO_H_H-HCB_A-AA,0.57794,2216.38,1.16323,26.42579,2.175
T3_303_NH2_SO2H_H_H-L2_211_CHO_H_H-HCB_A-AA,0.4866,2526.52,0.864574,19.36089,2.011
T3_303_NH2_SO2H_H_H-L2_203_CHO_H_H-HCB_A-AA,0.62428,3229.14,1.636,29.38334,2.887
T3_303_NH2_H_H_H-L2_203_CHO_H_H-HCB_A-AA,0.62412,2405.93,1.40365,29.58964,2.435
T3_303_NH2_SH_H_H-L2_201_CHO_H_H-HCB_A-AA,0.61468,2045.06,1.21093,29.62455,2.474
T3_303_NH2_Br_H_H-L2_202_CHO_H_H-HCB_A-AA,0.52786,1942.82,0.842055,22.80915,1.699
T3_303_NH2_CN_H_H-L2_212_CHO_H_H-HCB_A-AA,0.56514,2202.08,1.0823,27.97925,2.422
T3_303_NH2_CN_H_H-L2_206_CHO_H_H-HCB_A-AA,0.5632,2136.02,1.02194,25.67081,1.938
T3_303_NH2_OCOCH3_H_H-L2_216_CHO_H_H-HCB_A-AA,0.58248,5976.17,1.53291,20.79743,3.059
T3_303_NH2_Br_H_H-L2_205_CHO_H_H-HCB_A-AA,0.55358,2066.79,0.95192,25.45503,2.099
T3_303_NH2_EPO_H_H-L2_204_CHO-HCB_A-AA,0.4818,3772.66,1.00752,15.51493,1.629
T3_303_NH2_H_H_H-L2_210_CHO_H_H-HCB_A-AA,0.54034,2296.67,0.990562,22.58019,1.655
T3_303_NH2_OMe_H_H-L2_202_CHO_H_H-HCB_A-AA,0.56178,3828.08,1.40589,22.84603,2.488
T3_303_NH2_Br_H_H-L2_212_CHO_H_H-HCB_A-AA,0.56676,2001.02,1.00333,27.97925,2.43
T3_303_NH2_OH_H_H-L2_203_CHO_H_H-HCB_A-AA,0.619,2372.19,1.35338,29.58964,2.459
T3_303_NH2_F_H_H-L2_212_CHO_H_H-HCB_A-AA,0.5742,2171.1,1.1115,27.97925,2.604
T3_303_NH2_OH_H_H-L2_211_CHO_H_H-HCB_A-AA,0.48254,1870.76,0.718659,19.16605,1.693
T3_303_NH2_EPO_H_H-L2_216_CHO_H_H-HCB_A-AA,0.55648,3820.04,1.3506,21.30979,2.248
T3_303_NH2_CH3_H_H-L2_216_CHO_H_H-HCB_A-AA,0.56756,3977.43,1.44303,22.85645,2.227
T3_303_NH2_SH_H_H-L2_212_CHO_H_H-HCB_A-AA,0.5707,2130.45,1.08137,27.97925,2.612
T3_303_NH2_CH3_H_H-L2_210_CHO_H_H-HCB_A-AA,0.5651,3932.53,1.44147,22.85645,2.223
T3_303_NH2_NO_H_H-L2_212_CHO_H_H-HCB_A-AA,0.5706,2157.06,1.08618,27.97925,2.524
T3_303_NH2_NH2_H_H-L2_205_CHO_H_H-HCB_A-AA,0.55852,2305.93,1.07646,25.45503,2.128
T3_303_NH2_H_H_H-L2_215_CHO_H_H-HCB_A-AA,0.54486,2233.6,0.995496,22.58023,1.605
T3_303_NH2_OMe_H_H-L2_215_CHO_H_H-HCB_A-AA,0.5611,3777.17,1.36365,22.45728,2.212
T3_303_NH2_OH_H_H-L2_206_CHO_H_H-HCB_A-AA,0.57302,2131.55,1.05687,25.80354,1.895
T3_303_NH2_CHS_H_H-L2_217_CHO_H_H-HCB_A-AA,0.59966,3016.94,1.50959,28.28825,3.241
T3_303_NH2_SO2H_H_H-L2_217_CHO_H_H-HCB_A-AA,0.5981,3085.68,1.50123,28.30788,3.234
T3_303_NH2_EPO_H_H-L2_205_CHO_H_H-HCB_A-AA,0.58322,3913.1,1.55582,25.30078,3.151
T3_303_NH2_EPO_H_H-L2_206_CHO_H_H-HCB_A-AA,0.59382,3696.15,1.52109,25.1539,2.862
T3_303_NH2_NH2_H_H-L2_210_CHO_H_H-HCB_A-AA,0.5308,2174.31,0.940967,22.58019,1.749
T3_303_NH2_SH_H_H-L2_214_CHO_H_H-HCB_A-AA,0.53462,2047.43,0.910653,22.58025,1.736
T3_303_NH2_Br_H_H-L2_216_CHO_H_H-HCB_A-AA,0.52588,1931.59,0.815163,22.42193,1.622
T3_303_NH2_F_H_H-L2_205_CHO_H_H-HCB_A-AA,0.56228,2282.98,1.07764,25.45503,2.129
T3_303_NH2_NO2_H_H-L2_205_CHO_H_H-HCB_A-AA,0.5744,3141.86,1.36212,25.61645,2.389
T3_303_NH2_SO2H_H_H-L2_205_CHO_H_H-HCB_A-AA,0.56514,3067.33,1.29463,25.23681,2.485
T3_303_NH2_Cl_H_H-L2_201_CHO_H_H-HCB_A-AA,0.61302,2091.42,1.2032,29.62455,2.488
T3_303_NH2_OMe_H_H-L2_210_CHO_H_H-HCB_A-AA,0.55752,3762.97,1.35923,22.45301,2.422
T3_303_NH2_COOH_H_H-L2_208_CHO_H_H-HCB_A-AA,0.6226,3356.97,1.71128,29.72946,2.853
T3_303_NH2_NH2_H_H-L2_217_CHO_H_H-HCB_A-AA,0.59064,2311.22,1.23411,28.16151,2.708
T3_303_NH2_OCOCH3_H_H-L2_214_CHO_H_H-HCB_A-AA,0.58408,5904.39,1.53712,20.88846,3.113
H6_HECO_NH2_H_H_H-L2_203_CHO_H_H-HXL_A-AA,0.2342,1880.52,0.246351,8.11337,3.641
H6_HECO_NH2_H_H_H-L2_213_CHO_H_H-HXL_A-AA,0.17896,1667.09,0.177944,7.01321,3.229
H6_HECO_NH2_H_H_H-L2_216_CHO_H_H-HXL_A-AA,0.14924,1508.34,0.137353,6.10826,3.314
H6_HECO_NH2_H_H_H-L2_211_CHO_H_H-HXL_A-AA,0.05832,923.229,0.0453215,5.2841,2.276
H6_HEXB_NH2_H_H_H_H-L2_209_CHO_H_H-HXL_A-AA,0.23994,4927.14,0.365791,7.62421,4.948
H6_HEXB_NH2_H_H_H_H-L2_213_CHO_H_H-HXL_A-AA,0.26156,4727.98,0.415633,8.11086,3.045
H6_HEXB_NH2_H_H_H_H-L2_211_CHO_H_H-HXL_A-AA,0.14206,3746.4,0.176686,6.55082,3.173
H6_HEXB_NH2_H_H_H_H-L2_203_CHO_H_H-HXL_A-AA,0.31684,4926.62,0.532718,9.11273,3.567
H6_HEXB_NH2_H_H_H_H-L2_205_CHO_H_H-HXL_A-AA,0.23872,4700.77,0.366341,7.81201,4.014
H6_HEXB_NH2_H_H_H_H-L2_212_CHO_H_H-HXL_A-AA,0.22664,4891.76,0.338505,7.89812,4.478
H6_BENZ6_NH2-L2_208_CHO_H_H-HXL_A-AA,0.0101,423.908,0.00765258,3.69591,0.132
H6_HECO_NH2_H_H_H-L2_207_CHO_H_H-HXL_A-AA,0.22034,1869.58,0.232971,8.11337,2.956
H6_HECO_NH2_H_H_H-L2_217_CHO_H_H-HXL_A-AA,0.17896,1786.68,0.179466,6.95716,5.63
H6_HEXB_NH2_H_H_H_H-L2_204_CHO-HXL_A-AA,0.19614,3718.42,0.277183,7.24876,1.596
H6_HECO_NH2_H_H_H-L2_214_CHO_H_H-HXL_A-AA,0.15236,1452.39,0.140224,6.64308,2.425
H6_HEXB_NH2_H_H_H_H-L2_217_CHO_H_H-HXL_A-AA,0.26222,5004.63,0.420534,8.05901,4.482
H6_HECO_NH2_H_H_H-L2_215_CHO_H_H-HXL_A-AA,0.152,1469.58,0.139893,6.64039,2.629
H6_HEXB_NH2_H_H_H_H-L2_206_CHO_H_H-HXL_A-AA,0.25738,4333.46,0.379401,7.93357,3.028
H6_HEXB_NH2_H_H_H_H-L2_202_CHO_H_H-HXL_A-AA,0.22818,4339.75,0.34382,7.54856,2.72
H6_HEXB_NH2_H_H_H_H-L2_216_CHO_H_H-HXL_A-AA,0.22982,4357.4,0.33783,7.30422,2.576
H6_HEXB_NH2_H_H_H_H-L2_208_CHO_H_H-HXL_A-AA,0.30432,5046.21,0.519683,9.11273,3.58
H6_HECO_NH2_H_H_H-L2_205_CHO_H_H-HXL_A-AA,0.15148,1725.43,0.145435,6.67923,4.777
H6_HEXB_NH2_H_H_H_H-L2_210_CHO_H_H-HXL_A-AA,0.22498,4295.26,0.331779,7.30422,2.696
H6_HECO_NH2_H_H_H-L2_201_CHO_H_H-HXL_A-AA,0.22598,1628.72,0.219409,8.0498,3.14
H6_HECO_NH2_H_H_H-L2_204_CHO-HXL_A-AA,0.12494,1325.76,0.110814,6.04674,1.911
H6_HECO_NH2_H_H_H-L2_210_CHO_H_H-HXL_A-AA,0.1439,1513.78,0.13287,6.10826,3.129
H6_HECO_NH2_H_H_H-L2_208_CHO_H_H-HXL_A-AA,0.22006,1885.99,0.235142,8.11337,3.295
H6_HEXB_NH2_H_H_H_H-L2_214_CHO_H_H-HXL_A-AA,0.2331,4290.66,0.342652,7.71875,2.422
H6_HECO_NH2_H_H_H-L2_212_CHO_H_H-HXL_A-AA,0.13782,1682.24,0.128627,6.77792,5.328
H6_BENZ6_NH2-L2_207_CHO_H_H-HXL_A-AA,0.01012,417.271,0.00753593,3.69591,0.093
H6_HECO_NH2_H_H_H-L2_202_CHO_H_H-HXL_A-AA,0.1465,1532.85,0.138235,6.38418,2.923
H6_BENZ6_NH2-L2_203_CHO_H_H-HXL_A-AA,0.01012,407.313,0.00747261,3.69591,0.069
H6_HEXB_NH2_H_H_H_H-L2_201_CHO_H_H-HXL_A-AA,0.30424,4497.51,0.472554,9.05462,3.18
H6_HECO_NH2_H_H_H-L2_209_CHO_H_H-HXL_A-AA,0.1493,1721.57,0.14225,6.46928,6.461
H6_HECO_NH2_H_H_H-L2_206_CHO_H_H-HXL_A-AA,0.1782,1578.56,0.164275,6.96007,3.314
H6_HEXB_NH2_H_H_H_H-L2_207_CHO_H_H-HXL_A-AA,0.30756,5037.46,0.519762,9.11273,3.24
H6_HEXB_NH2_H_H_H_H-L2_215_CHO_H_H-HXL_A-AA,0.23226,4273.45,0.341417,7.72281,2.403
S4_PTCA_NH2_H_H_H_H-L2_214_CHO_H_H-SQL_A-AA,0.42108,2065.31,0.619355,17.27083,2.373
S4_PTCA_NH2_H_H_H_H-L2_217_CHO_H_H-SQL_A-AA,0.46442,2246.1,0.765248,18.81279,3.783
S4_TBPR_NH2_H-L2_206_CHO_H_H-SQL_A-AA,0.4665,2004.08,0.677275,17.93415,3.18
S4_TBPR_NH2_H-L2_203_CHO_H_H-SQL_A-AA,0.50926,2189.89,0.842241,20.09078,3.664
S4_PORP_NH2_H_H_H_H-L2_213_CHO_H_H-SQL_A-AA,0.31752,1642.61,0.383986,12.30171,2.677
S4_PORP_NH2_H_H_H_H-L2_215_CHO_H_H-SQL_A-AA,0.25484,1452.49,0.272428,11.25041,1.901
S4_401_NH2_H_H-L2_209_CHO_H_H-SQL_A-AA,0.49144,2219.56,0.853311,19.66973,5.758
S4_PTCA_NH2_H_H_H_H-L2_211_CHO_H_H-SQL_A-AA,0.37534,1839.82,0.482254,16.29419,2.85
S4_PORP_NH2_H_H_H_H-L2_204_CHO-SQL_A-AA,0.13818,1259.97,0.132224,7.70709,1.539
S4_PORP_NH2_H_H_H_H-L2_208_CHO_H_H-SQL_A-AA,0.36102,1853.21,0.481511,14.18336,2.527
S4_TBPR_NH2_H-L2_212_CHO_H_H-SQL_A-AA,0.45992,2045.48,0.690679,18.50012,3.787
S4_PORP_NH2_H_H_H_H-L2_201_CHO_H_H-SQL_A-AA,0.36936,1589.03,0.445848,14.15884,2.744
S4_TBPR_NH2_H-L2_214_CHO_H_H-SQL_A-AA,0.4368,1964.26,0.615925,17.1407,2.672
S4_401_NH2_H_H-L2_207_CHO_H_H-SQL_A-AA,0.52226,2372.57,0.988667,21.41054,5.54
S4_TBPR_NH2_H-L2_202_CHO_H_H-SQL_A-AA,0.43638,2014.69,0.629053,16.54956,2.789
S4_PORP_NH2_H_H_H_H-L2_210_CHO_H_H-SQL_A-AA,0.24536,1449.22,0.263205,10.33644,1.933
S4_401_NH2_H_H-L2_205_CHO_H_H-SQL_A-AA,0.47912,2267.66,0.827976,18.91642,5.1
S4_PTCA_NH2_H_H_H_H-L2_209_CHO_H_H-SQL_A-AA,0.45438,2142.01,0.717944,18.48399,3.305
S4_PTCA_NH2_H_H_H_H-L2_210_CHO_H_H-SQL_A-AA,0.41698,2098.44,0.614893,16.29419,2.377
S4_401_NH2_H_H-L2_204_CHO-SQL_A-AA,0.4106,2246.04,0.635678,15.38552,3.634
S4_TBPR_NH2_H-L2_215_CHO_H_H-SQL_A-AA,0.43586,1956.68,0.614599,17.1407,2.575
S4_TBPR_NH2_H-L2_204_CHO-SQL_A-AA,0.38388,1979.99,0.494701,14.66737,1.95
S4_PTCA_NH2_H_H_H_H-L2_215_CHO_H_H-SQL_A-AA,0.42024,2068.93,0.618119,17.27083,2.321
S4_PORP_NH2_H_H_H_H-L2_206_CHO_H_H-SQL_A-AA,0.30304,1494.68,0.3357,12.07674,2.302
S4_401_NH2_H_H-L2_202_CHO_H_H-SQL_A-AA,0.46206,2232.63,0.777108,17.86097,4.372
S4_PORP_NH2_H_H_H_H-L2_217_CHO_H_H-SQL_A-AA,0.32674,1763.1,0.407878,12.84794,2.818
S4_TBPR_NH2_H-L2_217_CHO_H_H-SQL_A-AA,0.4804,2112.76,0.764904,18.68359,4.222
S4_PORP_NH2_H_H_H_H-L2_216_CHO_H_H-SQL_A-AA,0.24646,1488.58,0.263469,10.33644,1.705
S4_401_NH2_H_H-L2_212_CHO_H_H-SQL_A-AA,0.48466,2171.38,0.826701,19.80981,5.791
S4_401_NH2_H_H-L2_217_CHO_H_H-SQL_A-AA,0.50278,2313.71,0.911001,19.99312,6.006
S4_401_NH2_H_H-L2_206_CHO_H_H-SQL_A-AA,0.49094,2152.72,0.820234,19.24659,5.105
S4_PTCA_NH2_H_H_H_H-L2_207_CHO_H_H-SQL_A-AA,0.48814,2286.28,0.839903,20.22105,3.094
S4_TBPR_NH2_H-L2_205_CHO_H_H-SQL_A-AA,0.45292,2094.88,0.679707,17.62904,3.328
S4_401_NH2_H_H-L2_214_CHO_H_H-SQL_A-AA,0.4626,2195.53,0.761607,18.45651,4.252
S4_PTCA_NH2_H_H_H_H-L2_216_CHO_H_H-SQL_A-AA,0.4184,2119.11,0.615413,16.29419,2.253
S4_TBPR_NH2_H-L2_207_CHO_H_H-SQL_A-AA,0.50216,2208.7,0.833936,20.09078,3.354
S4_401_NH2_H_H-L2_216_CHO_H_H-SQL_A-AA,0.46104,2214.27,0.759038,17.47513,4.528
S4_PTCA_NH2_H_H_H_H-L2_212_CHO_H_H-SQL_A-AA,0.44422,2141.41,0.689392,18.6294,3.265
S4_PTCA_NH2_H_H_H_H-L2_203_CHO_H_H-SQL_A-AA,0.49364,2347.2,0.845775,20.22105,3.122
S4_401_NH2_H_H-L2_203_CHO_H_H-SQL_A-AA,0.52796,2353.59,0.995195,21.41054,5.07
S4_PORP_NH2_H_H_H_H-L2_205_CHO_H_H-SQL_A-AA,0.28,1618.82,0.324182,11.82028,2.248
S4_PTCA_NH2_H_H_H_H-L2_213_CHO_H_H-SQL_A-AA,0.46048,2143.81,0.741756,18.28979,3.011
S4_PORP_NH2_H_H_H_H-L2_202_CHO_H_H-SQL_A-AA,0.25562,1484.77,0.281624,10.71106,2.124
S4_TBPR_NH2_H-L2_213_CHO_H_H-SQL_A-AA,0.47158,2075.49,0.731566,18.16014,3.08
S4_401_NH2_H_H-L2_211_CHO_H_H-SQL_A-AA,0.41722,1977.47,0.599239,17.47513,5.143
S4_TBPR_NH2_H-L2_210_CHO_H_H-SQL_A-AA,0.43284,2018.8,0.611854,16.1649,2.633
S4_PTCA_NH2_H_H_H_H-L2_204_CHO-SQL_A-AA,0.35996,2166.55,0.488494,14.05529,1.638
S4_PTCA_NH2_H_H_H_H-L2_201_CHO_H_H-SQL_A-AA,0.4921,2073.01,0.789512,20.20208,3.093
S4_TBPR_NH2_H-L2_216_CHO_H_H-SQL_A-AA,0.43528,1992.88,0.613781,16.1649,2.619
S4_PTCA_NH2_H_H_H_H-L2_205_CHO_H_H-SQL_A-AA,0.43646,2179.51,0.680305,17.75597,2.881
S4_TBPR_NH2_H-L2_208_CHO_H_H-SQL_A-AA,0.50208,2236.62,0.840862,20.09078,3.391
S4_TBPR_NH2_H-L2_211_CHO_H_H-SQL_A-AA,0.38564,1781.24,0.47683,16.1649,2.845
S4_PTCA_NH2_H_H_H_H-L2_206_CHO_H_H-SQL_A-AA,0.4508,2072.86,0.679291,18.06371,2.75
S4_PORP_NH2_H_H_H_H-L2_209_CHO_H_H-SQL_A-AA,0.30334,1661.19,0.359273,12.47917,3.076
S4_TBPR_NH2_H-L2_201_CHO_H_H-SQL_A-AA,0.50488,1984.96,0.783261,20.07169,3.535
S4_401_NH2_H_H-L2_213_CHO_H_H-SQL_A-AA,0.49632,2271.87,0.884956,19.47336,5.027
S4_TBPR_NH2_H-L2_209_CHO_H_H-SQL_A-AA,0.46768,2053.28,0.714896,18.35415,4.048
S4_PORP_NH2_H_H_H_H-L2_212_CHO_H_H-SQL_A-AA,0.29086,1619.31,0.336756,12.66414,2.211
S4_PTCA_NH2_H_H_H_H-L2_202_CHO_H_H-SQL_A-AA,0.42076,2104.27,0.63272,16.67897,2.391
S4_401_NH2_H_H-L2_215_CHO_H_H-SQL_A-AA,0.46216,2196.72,0.760882,18.45651,4.418
S4_401_NH2_H_H-L2_210_CHO_H_H-SQL_A-AA,0.4588,2229.61,0.757302,17.47513,4.83
S4_401_NH2_H_H-L2_201_CHO_H_H-SQL_A-AA,0.52584,2172.12,0.927418,21.39229,5.381
S4_PORP_NH2_H_H_H_H-L2_207_CHO_H_H-SQL_A-AA,0.3612,1853.48,0.476429,14.18336,2.318
S4_PORP_NH2_H_H_H_H-L2_214_CHO_H_H-SQL_A-AA,0.25436,1446.81,0.271914,11.25259,1.795
S4_PORP_NH2_H_H_H_H-L2_203_CHO_H_H-SQL_A-AA,0.36764,1928.6,0.482297,14.18336,2.356
S4_401_NH2_H_H-L2_208_CHO_H_H-SQL_A-AA,0.52208,2377.76,0.996987,21.41054,5.593
S4_PORP_NH2_H_H_H_H-L2_211_CHO_H_H-SQL_A-AA,0.17888,1196.39,0.159807,10.33643,2.256
S4_PTCA_NH2_H_H_H_H-L2_208_CHO_H_H-SQL_A-AA,0.48802,2296.59,0.846991,20.22105,3.198
H6_HEXB_NH2_H_H_H_H-T3_307_CHO_H_H_H-KGD-AA,0.14078,4066.07,0.181018,5.54172,6.192
H6_HEXB_NH2_H_H_H_H-T3_306_CHO_H_H-KGD-AA,0.19574,4049.72,0.278292,6.51666,4.268
H6_HEXB_NH2_H_H_H_H-T3_302_CHO_H_H_H-KGD-AA,0.10544,2893.39,0.128009,5.92248,4.262
H6_HECO_NH2_H_H_H-T3_306_CHO_H_H-KGD-AA,0.15092,2181.53,0.176214,5.88932,4.91
H6_HECO_NH2_H_H_H-T3_302_CHO_H_H_H-KGD-AA,0.04792,830.498,0.0364712,4.54297,9.097
H6_HECO_NH2_H_H_H-T3_304_CHO-KGD-AA,0.06208,965.975,0.0475935,4.66115,8.793
H6_HEXB_NH2_H_H_H_H-T3_310_CHO-KGD-AA,0.1582,3933.11,0.204123,5.89456,3.012
H6_HEXB_NH2_H_H_H_H-T3_303_CHO_H_H_H-KGD-AA,0.17624,3725.73,0.222814,6.37098,3.712
H6_HEXB_NH2_H_H_H_H-T3_305_CHO-KGD-AA,0.1341,3319.23,0.162582,5.92248,3.414
H6_HEXB_NH2_H_H_H_H-T3_308_CHO_H_H-KGD-AA,0.11718,3237.61,0.141766,5.89665,3.567
H6_HEXB_NH2_H_H_H_H-T3_309_CHO_H-KGD-AA,0.1219,3259.9,0.147132,5.89665,3.231
H6_HECO_NH2_H_H_H-T3_311_CHO-KGD-AA,0.09832,1137.39,0.078741,5.2315,4.678
H6_HECO_NH2_H_H_H-T3_303_CHO_H_H_H-KGD-AA,0.09946,1148.86,0.0786617,5.10273,5.518
H6_HECO_NH2_H_H_H-T3_301_CHO_H_H_H-KGD-AA,0.04864,883.487,0.0376657,4.58344,6.134
H6_HECO_NH2_H_H_H-T3_307_CHO_H_H_H-KGD-AA,0.0588,1207.87,0.0473094,4.43631,7.366
H6_HECO_NH2_H_H_H-T3_305_CHO-KGD-AA,0.06212,942.605,0.0472134,4.66115,5.889
H6_HEXB_NH2_H_H_H_H-T3_304_CHO-KGD-AA,0.12604,2956.46,0.15412,5.92248,4.748
H6_HEXB_NH2_H_H_H_H-T3_301_CHO_H_H_H-KGD-AA,0.11896,3303.13,0.146923,5.96794,3.693
H6_HECO_NH2_H_H_H-T3_309_CHO_H-KGD-AA,0.05224,878.35,0.0395269,4.62489,6.89
H6_HEXB_NH2_H_H_H_H-T3_311_CHO-KGD-AA,0.17634,3735.73,0.225555,6.44937,2.869
H6_HECO_NH2_H_H_H-T3_310_CHO-KGD-AA,0.07448,1138.3,0.060182,4.63163,3.857
H6_HECO_NH2_H_H_H-T3_308_CHO_H_H-KGD-AA,0.04856,842.392,0.0368299,4.62489,6.808
